//Contig	Pos	Ref	Alt	Geno1	Geno2	Geno3	Geno4	Geno5	Geno6	Geno7	Geno8	Geno9
contig953	80521	G	A	0/0	0/1	0/0	0/1	0/0	0/0	0/0	0/0	0/0
contig953	270459	G	A	0/1	0/1	1/1	1/1	0/0	1/1	0/0	1/1	0/1
contig953	275498	T	C	0/1	0/0	1/1	0/1	0/0	1/1	0/0	1/1	0/1
contig954	27789	C	A	0/0	0/0	0/0	0/1	0/0	0/1	0/0	0/0	0/0
contig954	82206	G	T	0/0	0/0	0/0	0/0	0/0	0/1	0/0	0/0	0/0
contig955	99652	T	C	0/0	0/0	0/0	0/0	0/0	0/0	0/0	0/1	0/0
contig955	116814	C	A	0/0	0/0	0/0	0/0	0/0	0/0	0/0	1/1	0/0
contig956	2437	G	A	1/1	0/0	0/0	0/0	0/0	0/0	0/0	0/0	0/0
contig956	4224	G	A	0/0	0/1	0/0	0/1	0/1	0/0	0/0	0/0	0/0
contig956	32834	C	A	0/0	0/1	0/0	0/1	0/0	0/1	0/1	0/1	0/0
contig956	43716	T	G	1/1	1/1	0/0	0/0	0/1	0/0	0/1	0/0	0/0
contig956	47952	C	T	0/1	0/0	0/0	0/1	0/0	0/1	0/0	0/0	0/0
contig958	18684	C	A	0/0	0/0	0/0	1/1	0/0	0/1	0/0	0/0	0/0
contig958	42421	A	G	0/1	0/0	0/0	0/0	0/0	0/0	0/0	0/0	0/0
contig958	46165	G	T	0/0	0/0	0/0	0/0	0/1	0/0	0/0	0/0	0/0
contig958	54882	A	G	0/1	0/1	1/1	0/0	0/0	0/0	1/1	0/0	1/1
contig958	67842	C	A	0/0	0/0	0/0	0/0	0/1	0/0	0/0	1/1	0/0
contig958	84938	A	G	0/1	0/0	0/0	0/0	0/0	0/0	0/0	0/1	0/0
contig958	134399	G	T	0/0	0/0	0/0	1/1	0/0	0/1	0/0	0/1	0/0
contig958	143927	C	T	1/1	0/1	1/1	0/0	0/1	0/0	1/1	0/1	1/1
contig959	39699	T	C	0/1	0/1	0/0	1/1	0/0	0/1	0/1	0/1	0/1
contig959	79721	A	G	0/0	0/0	0/0	0/0	0/0	0/0	0/0	1/1	0/0
contig959	84034	G	A	0/0	0/0	0/0	0/0	0/0	0/0	0/0	0/0	0/1
contig959	87108	A	G	0/1	0/1	0/0	1/1	0/0	0/1	0/1	1/1	0/0
contig961	213521	C	T	0/1	0/1	0/0	0/1	0/0	0/0	0/0	0/0	0/0
contig961	249733	G	A	0/1	0/1	0/0	0/1	0/0	0/0	0/0	0/0	0/0
contig961	254311	A	C	0/1	0/1	0/0	0/1	0/0	0/0	0/0	0/1	0/0
contig961	270040	C	T	1/1	0/0	0/0	1/1	0/1	0/0	1/1	1/1	0/0
contig961	293151	C	T	1/1	1/1	1/1	1/1	1/1	0/1	0/1	0/1	1/1
contig961	293574	A	G	1/1	0/1	0/0	1/1	1/1	0/1	1/1	1/1	0/0
contig961	316465	C	T	0/0	0/0	0/0	0/0	0/0	0/0	0/0	0/1	0/0
contig961	324458	C	T	0/0	0/0	0/0	0/0	0/0	0/0	0/0	0/1	0/0
contig961	337876	T	C	1/1	1/1	1/1	1/1	1/1	0/1	0/1	0/1	1/1
contig961	339359	C	A	0/0	0/0	0/0	0/0	0/0	0/1	0/1	0/1	0/0
contig961	344795	C	T	0/0	0/0	0/0	0/0	0/0	0/1	0/1	0/1	0/0
contig961	368228	C	A	0/0	0/0	0/0	0/0	0/0	0/1	0/1	0/0	0/0
contig961	383517	C	A	0/0	0/0	0/0	0/0	0/0	0/1	0/1	0/0	0/0
contig961	384334	C	T	0/1	0/1	0/0	0/1	0/0	0/0	0/0	0/1	0/0
contig961	397295	C	A	0/0	0/1	1/1	0/0	0/0	0/1	0/0	0/0	1/1
contig961	408395	C	T	0/0	0/0	0/1	0/0	0/1	0/1	0/1	0/0	0/1
contig961	410323	C	T	0/1	0/0	0/0	0/0	0/1	0/0	0/1	0/0	0/0
contig961	417721	T	C	0/1	0/0	0/0	0/0	0/1	0/0	0/1	0/0	0/0
contig961	425318	G	A	1/1	1/1	1/1	1/1	1/1	0/1	0/1	1/1	1/1
contig961	428194	A	G	0/1	0/0	0/0	0/0	1/1	0/0	0/1	0/0	0/0
contig961	429213	A	C	0/1	0/0	0/0	0/0	1/1	0/0	0/1	0/0	0/0
contig961	434149	G	T	0/1	0/0	0/0	0/0	1/1	0/0	0/1	0/0	0/0
contig961	440117	G	T	0/1	0/0	0/0	0/0	1/1	0/0	0/1	0/0	0/0
contig961	443274	A	G	0/1	0/0	0/0	0/0	1/1	0/0	0/1	0/0	0/0
contig961	445902	G	A	0/0	0/1	1/1	0/1	0/0	0/1	0/0	0/1	1/1
contig961	448493	G	A	0/1	0/1	1/1	0/1	1/1	0/1	0/1	0/1	1/1
contig961	450080	C	T	1/1	1/1	1/1	1/1	1/1	0/1	0/1	1/1	1/1
contig961	468271	T	C	1/1	0/1	0/0	0/1	1/1	0/0	0/1	0/0	0/0
contig961	474252	G	A	0/0	0/0	0/0	0/1	0/0	0/0	0/0	0/1	0/0
contig961	485360	G	A	0/1	0/0	0/0	0/0	0/1	0/0	0/1	0/0	0/0
contig961	492531	G	A	0/0	0/0	0/0	0/0	0/1	0/0	0/0	0/1	0/0
contig961	523814	A	G	0/0	0/0	0/0	0/1	0/0	0/0	0/0	0/1	0/0
contig961	533539	G	A	0/1	0/0	0/0	0/0	0/1	0/0	0/1	0/0	0/0
contig961	537575	C	A	0/0	0/0	0/0	0/1	0/0	0/0	0/0	0/0	0/0
contig961	554492	G	A	0/1	0/0	0/0	0/0	0/1	0/0	0/1	0/0	0/0
contig961	557371	C	A	0/0	0/1	1/1	0/0	0/0	0/1	0/0	0/0	1/1
contig961	565696	G	T	0/0	0/1	1/1	0/0	0/0	0/1	0/0	0/0	1/1
contig961	586360	G	A	1/1	1/1	1/1	1/1	1/1	0/1	0/1	0/1	1/1
contig961	593804	T	C	0/0	0/0	0/0	0/0	0/0	0/1	0/1	1/1	0/0
contig961	638301	C	T	0/0	0/1	0/0	0/0	0/1	0/0	1/1	0/0	0/1
contig962	25269	T	C	1/1	0/1	1/1	1/1	0/1	1/1	0/1	0/1	1/1
contig962	42815	T	C	0/1	1/1	0/1	1/1	0/1	0/1	0/0	0/1	0/1
contig963	8153	G	A	0/0	0/0	0/0	0/0	0/1	0/0	0/0	0/1	0/0
contig965	14600	T	G	0/1	0/1	0/0	1/1	0/0	1/1	1/1	0/1	0/0
contig965	18731	T	C	0/1	0/1	0/0	0/1	0/0	1/1	1/1	0/1	0/0
contig966	17787	A	G	0/0	0/0	0/0	0/0	0/0	0/0	0/0	0/1	0/0
contig966	45719	G	T	0/1	0/0	0/0	0/0	0/0	0/0	0/0	0/1	0/0
contig967	99399	C	T	0/1	0/0	0/0	0/1	0/0	0/1	0/0	0/0	0/0
contig968	33309	G	T	1/1	0/1	0/0	1/1	1/1	0/1	0/1	0/0	0/0
contig968	52805	T	G	0/0	0/0	0/1	0/0	0/0	0/0	0/0	0/0	0/0
contig968	63588	C	A	1/1	0/1	0/0	0/1	1/1	0/1	0/1	0/0	0/0
contig968	91817	C	T	0/0	0/1	0/0	0/0	0/0	0/0	0/0	0/0	0/1
contig968	94131	G	T	0/0	0/1	0/1	0/0	0/0	0/0	0/0	0/0	0/1
contig968	113826	T	C	1/1	0/1	0/0	0/1	1/1	0/0	0/1	1/1	0/0
contig968	117568	C	T	1/1	1/1	0/1	1/1	1/1	0/1	0/1	1/1	0/1
contig968	124938	T	G	1/1	0/1	0/1	1/1	1/1	0/1	0/1	1/1	0/0
contig968	139027	G	A	1/1	0/1	0/0	1/1	1/1	0/1	0/1	0/0	0/0
contig968	145191	T	C	0/0	0/1	0/0	0/0	0/0	0/0	0/0	1/1	0/1
contig968	149064	C	T	0/0	0/1	0/0	0/0	0/0	0/0	0/0	0/0	0/1
contig968	150683	T	C	1/1	1/1	0/1	1/1	1/1	0/1	0/1	0/0	0/1
contig968	157886	G	T	0/0	0/0	0/1	0/0	0/0	0/0	0/0	0/0	0/0
contig968	171257	C	A	0/0	0/0	0/0	0/0	0/0	0/0	0/0	1/1	0/0
contig968	179123	C	A	0/0	0/0	0/1	0/0	0/0	0/0	0/0	0/0	0/0
contig968	193413	A	G	0/0	0/1	0/1	1/1	0/0	0/1	0/0	1/1	0/1
contig968	200185	G	A	0/0	0/0	0/0	0/0	0/0	0/0	0/0	1/1	0/0
contig968	205790	T	G	0/0	0/0	0/0	0/0	0/0	0/0	0/0	1/1	0/0
contig968	209121	T	G	1/1	0/1	0/1	0/0	1/1	0/0	0/1	1/1	0/0
contig968	215671	A	G	0/0	0/1	0/0	0/0	0/0	0/0	0/0	0/0	0/1
contig969	80429	G	A	0/0	0/0	0/1	0/0	1/1	1/1	0/0	0/0	0/1
contig970	39714	T	C	0/1	0/1	0/0	1/1	0/1	0/1	0/0	1/1	0/0
contig972	30649	T	G	0/0	1/1	0/1	0/1	0/1	0/1	0/1	0/1	0/1
contig972	31707	C	A	1/1	0/0	0/1	0/1	0/1	0/1	0/1	0/1	0/0
contig972	39803	G	A	0/0	0/0	0/1	0/0	0/1	0/1	0/1	0/0	0/0
contig973	32288	C	A	0/1	0/0	0/1	1/1	0/0	0/1	0/1	0/1	0/0
contig975	50763	A	G	0/0	1/1	0/1	0/0	0/0	0/0	0/1	0/0	0/1
contig977	16268	C	A	1/1	0/0	0/0	0/1	0/1	0/1	0/1	0/1	0/0
contig977	18162	C	A	0/0	1/1	0/1	0/0	0/0	0/1	0/1	0/1	0/0
contig977	21984	G	A	0/0	0/0	0/1	0/0	0/1	0/0	0/0	0/0	1/1
contig977	94908	A	G	0/0	0/0	0/1	0/0	0/0	0/1	0/0	0/1	0/1
contig978	18654	C	T	0/0	0/0	0/0	0/0	0/0	0/0	0/1	0/0	0/0
contig978	23551	A	G	1/1	0/1	0/0	1/1	0/1	1/1	0/0	0/1	0/0
contig978	129611	G	A	0/1	0/0	0/0	0/0	0/1	0/0	0/0	0/0	0/0
contig978	165384	G	A	0/0	0/1	0/1	0/0	0/1	0/1	0/0	0/0	1/1
contig978	193232	A	G	0/0	0/0	0/0	0/0	0/0	0/0	0/0	1/1	0/0
contig978	284064	G	A	0/0	1/1	0/0	0/0	0/0	0/0	1/1	0/0	0/1
contig978	298314	G	A	0/1	0/0	0/0	0/0	0/1	0/0	0/0	0/0	0/0
contig978	315957	C	T	0/0	1/1	0/0	0/1	0/0	0/1	1/1	0/1	0/1
contig978	315978	C	A	0/1	0/0	0/0	0/0	0/1	0/0	0/0	0/0	0/0
contig978	324057	T	C	0/1	1/1	0/0	0/1	0/1	0/1	1/1	0/1	0/1
contig978	327097	A	G	0/0	1/1	0/0	0/0	0/0	0/0	1/1	0/0	0/1
contig978	381393	T	C	0/0	0/0	0/0	0/1	0/0	0/1	0/0	0/1	0/0
contig978	387543	C	T	0/1	1/1	0/0	0/0	0/1	0/0	1/1	0/0	0/1
contig978	391312	G	A	0/0	0/0	0/0	0/1	0/0	0/1	0/0	0/0	0/0
contig978	418982	A	C	0/0	1/1	0/0	0/1	0/0	0/1	1/1	0/0	0/1
contig978	419343	G	A	0/1	0/0	0/0	0/0	0/1	0/0	0/0	0/0	0/0
contig978	520686	T	C	0/1	0/0	0/0	0/0	0/1	0/0	0/0	0/0	0/0
contig978	569198	G	T	0/0	1/1	1/1	0/0	0/0	0/1	1/1	0/0	1/1
contig978	569598	G	T	0/0	1/1	1/1	0/0	0/0	0/1	1/1	0/0	1/1
contig978	575696	T	C	0/0	0/0	0/0	0/1	0/0	0/1	0/0	0/0	0/0
contig978	595593	C	T	0/1	0/0	0/0	0/0	1/1	0/0	0/0	0/0	0/0
contig978	598742	C	A	0/1	0/0	0/0	0/0	0/0	0/0	0/0	0/1	0/0
contig978	604865	T	C	1/1	1/1	1/1	0/0	1/1	0/1	1/1	1/1	1/1
contig978	619426	T	C	0/0	0/0	0/0	0/0	0/0	0/0	0/1	0/0	0/1
contig978	645267	G	T	1/1	1/1	1/1	0/0	1/1	0/1	1/1	1/1	1/1
contig978	647095	C	A	0/0	0/0	0/0	1/1	0/0	0/1	0/0	0/0	0/0
contig978	677553	A	C	0/1	0/0	0/0	0/0	0/0	0/0	0/0	1/1	0/0
contig978	682286	T	G	0/1	0/0	0/0	0/0	0/1	0/0	0/0	0/0	0/1
contig978	687646	T	C	0/1	0/0	0/0	1/1	0/1	0/1	0/0	1/1	0/0
contig978	688535	T	C	0/1	0/0	0/0	0/0	0/0	0/0	0/0	0/0	0/1
contig978	689181	G	A	0/1	0/0	0/0	0/0	0/0	0/0	0/0	0/0	0/1
contig978	694105	G	T	0/0	0/0	0/0	1/1	0/0	0/1	0/0	0/1	0/0
contig978	701220	T	C	0/1	0/0	0/0	0/0	0/1	0/0	0/0	0/1	0/1
contig978	746949	G	A	1/1	0/0	0/0	1/1	0/1	0/1	0/0	1/1	0/1
contig978	755442	A	G	0/0	0/0	0/0	0/0	0/0	0/0	0/0	0/1	0/0
contig978	759633	G	A	0/0	0/0	0/0	1/1	0/1	0/1	0/0	0/1	0/0
contig978	760240	C	A	0/0	1/1	1/1	0/0	0/1	0/1	1/1	0/0	0/1
contig978	771513	G	A	1/1	0/0	0/0	1/1	0/1	0/1	0/0	0/1	0/1
contig978	783995	G	A	0/0	0/0	0/0	1/1	0/0	0/1	0/0	0/1	0/0
contig978	803798	G	A	0/1	0/0	0/0	0/1	0/0	0/1	0/0	0/1	0/0
contig978	804293	C	T	0/1	0/0	0/0	0/1	0/0	0/1	0/0	0/1	0/0
contig978	854501	A	G	1/1	1/1	1/1	0/0	1/1	0/1	1/1	1/1	1/1
contig978	862034	G	T	0/1	1/1	1/1	0/0	1/1	0/1	1/1	1/1	1/1
contig978	878865	T	C	0/1	0/0	0/0	0/0	0/1	0/0	0/0	0/1	0/1
contig978	883718	G	A	0/1	1/1	1/1	0/0	0/1	0/1	1/1	0/0	0/1
contig978	902742	T	C	1/1	1/1	1/1	0/0	1/1	0/1	1/1	0/1	1/1
contig978	907908	A	G	0/1	1/1	1/1	0/0	1/1	0/1	1/1	0/1	1/1
contig978	911163	G	A	0/1	1/1	1/1	0/0	0/1	0/1	1/1	0/0	0/1
contig978	951759	G	T	0/0	0/0	0/0	0/0	0/0	0/0	0/0	0/1	0/1
contig978	952822	A	G	0/1	0/0	0/0	0/0	0/0	0/0	0/0	0/0	0/0
contig978	960103	G	A	1/1	1/1	1/1	0/0	1/1	0/1	1/1	1/1	1/1
contig978	963041	T	G	0/0	0/0	0/0	1/1	0/0	0/1	0/0	0/1	0/0
contig978	995320	C	A	0/0	0/0	0/0	1/1	0/0	0/1	0/0	0/1	0/0
contig978	1002585	T	G	0/0	0/0	0/0	1/1	0/0	0/1	0/0	0/1	0/0
contig978	1047914	C	A	0/1	0/0	0/0	1/1	0/0	0/1	0/0	1/1	0/0
contig978	1049685	T	C	0/1	1/1	1/1	0/0	1/1	0/1	1/1	0/1	1/1
contig978	1056901	T	C	0/0	0/0	0/0	1/1	0/0	0/1	0/0	0/1	0/0
contig978	1063999	A	C	0/1	0/0	0/0	1/1	0/0	0/1	0/0	1/1	0/0
contig978	1074676	T	C	1/1	1/1	1/1	0/0	1/1	0/1	1/1	0/0	1/1
contig978	1090364	C	T	1/1	1/1	1/1	0/0	1/1	0/1	1/1	0/1	1/1
contig978	1117274	A	G	1/1	1/1	1/1	0/0	1/1	0/1	1/1	0/1	1/1
contig978	1118368	G	A	0/1	1/1	1/1	0/0	1/1	0/1	1/1	0/1	1/1
contig978	1129687	G	T	1/1	0/0	0/0	1/1	0/1	0/1	0/0	0/1	0/0
contig978	1164645	G	A	0/0	1/1	1/1	0/0	0/0	0/1	1/1	0/1	1/1
contig978	1259751	G	A	0/0	0/0	0/0	0/0	0/0	0/0	0/0	0/1	0/0
contig978	1259775	T	G	0/0	0/0	0/0	0/0	0/0	0/0	0/0	0/1	0/0
contig978	1390037	G	A	0/0	0/0	0/0	0/0	0/0	0/0	0/1	0/0	0/0
contig978	1412238	G	A	0/0	0/1	0/1	0/0	0/0	0/0	1/1	0/0	0/1
contig978	1419945	A	G	0/0	0/0	0/0	1/1	0/0	0/0	0/0	0/0	0/0
contig978	1432604	A	G	0/0	0/0	0/0	1/1	0/0	0/0	0/0	0/0	0/0
contig978	1435975	G	A	0/0	0/0	0/0	1/1	0/0	0/0	0/0	0/0	0/0
contig979	19668	T	C	1/1	0/1	0/1	1/1	1/1	1/1	0/0	1/1	1/1
contig980	59634	A	G	1/1	0/1	0/1	1/1	1/1	0/1	0/1	1/1	0/0
contig980	86636	G	A	0/1	0/0	0/0	0/1	0/0	0/0	0/0	0/0	0/0
contig983	25453	C	T	0/0	0/1	0/1	0/0	1/1	0/1	1/1	0/1	0/1
contig983	37775	G	A	0/0	0/0	0/0	0/1	0/0	0/0	0/0	0/0	0/0
contig983	42976	G	A	0/0	0/0	0/0	0/1	0/0	0/0	0/0	0/0	0/0
contig983	81319	A	G	0/0	0/0	0/1	0/1	1/1	0/1	0/1	0/0	0/1
contig984	13578	C	A	0/1	0/0	0/0	0/0	0/0	0/0	0/0	0/1	0/0
contig985	31959	A	G	0/0	1/1	0/1	1/1	0/1	1/1	1/1	1/1	0/1
contig985	72082	G	A	0/0	0/1	0/1	0/0	0/0	0/1	0/1	0/0	0/0
contig985	129971	C	T	0/0	0/0	0/0	0/0	0/0	0/0	0/1	1/1	0/0
contig986	55263	G	A	0/0	0/0	0/0	0/0	0/0	0/0	0/0	0/0	0/1
contig986	143365	G	A	0/0	0/1	1/1	0/1	0/0	0/1	0/0	0/0	0/1
contig986	150349	A	G	0/0	0/0	0/0	0/0	0/0	0/0	0/0	0/1	0/0
contig989	7696	C	T	1/1	0/0	0/1	1/1	0/1	0/1	0/0	1/1	0/1
contig991	146359	T	C	0/1	0/0	0/0	1/1	0/0	0/1	0/0	1/1	0/0
contig991	211517	T	G	0/1	0/0	0/0	0/0	0/0	0/0	0/0	0/0	0/0
contig991	235494	T	G	0/0	0/0	0/0	0/0	1/1	0/0	0/1	1/1	0/1
contig991	249158	G	T	0/0	0/0	0/0	0/1	0/0	0/1	0/0	0/1	0/0
contig991	345110	C	T	0/1	0/0	0/0	1/1	1/1	0/1	0/1	1/1	0/1
contig991	387300	A	G	0/1	0/0	0/0	1/1	0/0	0/1	0/0	1/1	0/0
contig991	419213	G	A	0/0	0/0	0/0	0/1	0/0	0/1	0/0	0/0	0/0
contig991	453850	T	G	0/0	0/0	0/0	1/1	0/0	0/1	0/1	1/1	0/0
contig991	539507	G	A	1/1	0/0	0/0	0/0	0/0	0/0	0/0	0/0	0/0
contig991	576772	G	A	0/0	0/0	0/0	1/1	0/0	0/1	0/0	0/0	0/0
contig991	583957	A	C	0/1	0/0	0/0	1/1	0/0	0/1	0/0	1/1	0/0
contig991	598317	G	A	0/1	0/0	0/0	0/1	0/0	0/0	0/0	1/1	0/0
contig991	661201	A	C	0/1	0/1	0/1	0/0	0/1	0/1	0/1	0/1	1/1
contig991	685351	G	T	0/1	0/0	0/0	0/0	0/1	0/0	0/0	0/1	0/0
contig991	696417	G	A	0/0	0/0	0/0	0/0	0/0	0/0	0/0	0/1	0/0
contig991	702720	T	G	0/1	0/0	0/0	0/0	0/0	0/0	0/0	0/1	0/0
contig991	713431	T	G	1/1	0/1	0/1	1/1	0/1	0/1	0/1	1/1	0/0
contig991	747761	A	G	0/0	0/0	0/0	0/0	0/0	0/0	0/0	0/1	0/0
contig991	765573	T	C	0/0	0/0	0/0	0/0	0/0	0/0	0/0	0/1	0/0
contig991	770236	A	G	0/0	0/0	0/0	0/0	0/0	0/0	0/0	0/1	0/0
contig991	809958	A	G	0/0	0/0	0/0	0/1	0/0	0/1	0/0	0/0	0/0
contig992	10058	C	T	0/1	0/1	0/0	0/1	0/0	1/1	0/1	1/1	0/0
contig992	34181	A	G	0/1	1/1	1/1	1/1	1/1	0/1	1/1	1/1	1/1
contig993	25315	A	G	0/0	0/0	0/0	0/1	0/0	0/1	0/1	0/0	0/0
contig993	32674	T	G	0/0	0/0	0/0	0/1	0/0	0/1	0/0	0/0	0/0
contig993	61940	T	C	0/1	0/0	0/1	1/1	1/1	0/1	1/1	1/1	0/1
contig993	102443	T	G	0/0	0/0	0/0	0/0	0/0	0/0	0/1	0/0	0/0
contig993	238806	T	C	0/1	1/1	0/1	0/1	0/0	1/1	0/0	0/0	0/1
contig993	292440	G	A	0/0	0/0	0/0	0/1	0/0	0/1	0/1	0/0	0/0
contig993	444261	A	G	0/1	0/0	0/1	0/1	1/1	0/0	1/1	0/1	0/1
contig993	545007	G	T	0/1	0/0	0/0	0/0	0/0	0/0	0/0	0/0	0/1
contig993	545214	G	A	0/0	0/1	0/1	0/0	0/1	0/1	0/0	0/1	0/0
contig993	557154	A	C	1/1	0/1	0/0	1/1	0/0	0/1	0/0	0/0	0/0
contig993	581973	A	C	1/1	1/1	0/0	1/1	0/1	0/1	1/1	1/1	0/0
contig993	594782	T	C	0/0	0/1	0/0	0/1	0/0	0/1	0/0	0/0	0/0
contig993	639100	A	G	1/1	0/1	0/0	0/1	0/0	0/1	0/0	0/0	0/0
contig993	645558	C	T	0/0	0/1	0/0	0/1	0/0	0/1	0/0	0/0	0/0
contig993	653093	C	A	0/0	0/1	0/0	0/1	0/0	0/1	0/0	0/0	0/0
contig993	656548	C	T	0/0	0/1	0/0	0/1	0/0	0/1	0/0	0/0	0/0
contig993	661900	A	G	0/0	0/1	0/0	0/1	0/0	0/1	0/0	0/0	0/0
contig993	683465	C	T	0/0	0/1	1/1	0/0	1/1	0/1	1/1	0/0	0/1
contig994	13005	C	A	0/0	0/1	0/1	1/1	0/1	0/1	0/0	0/0	1/1
contig995	28479	G	T	0/1	0/0	0/0	0/0	0/0	0/0	0/0	0/0	0/0
contig996	45794	G	A	0/0	0/1	0/1	1/1	0/0	0/0	1/1	1/1	0/0
contig996	64945	C	T	0/0	0/1	0/0	1/1	0/0	0/0	0/0	0/1	0/0
contig996	68247	A	G	0/0	0/0	0/0	0/0	0/0	0/1	0/0	0/0	0/0
contig996	93710	A	G	1/1	1/1	0/1	1/1	1/1	1/1	1/1	1/1	0/1
contig996	97100	G	T	1/1	0/1	0/1	0/0	1/1	0/1	1/1	0/1	0/1
contig996	109517	T	C	0/0	1/1	0/1	1/1	0/0	0/1	1/1	1/1	0/1
contig997	28738	C	A	0/1	0/0	0/0	0/0	0/1	0/1	0/0	0/1	0/1
contig997	34693	A	G	0/1	0/0	0/0	0/0	0/1	0/1	0/0	0/0	0/1
contig998	29387	C	T	0/0	0/0	0/0	0/0	0/0	0/1	0/0	0/0	0/0
contig998	30436	G	A	0/0	0/0	0/0	0/0	1/1	0/0	0/0	0/1	0/0
contig998	56528	G	T	1/1	1/1	1/1	1/1	1/1	0/1	1/1	1/1	1/1
contig999	13461	T	C	1/1	0/1	1/1	1/1	1/1	1/1	0/1	1/1	1/1
contig999	20806	G	T	0/0	0/0	0/0	0/0	0/1	0/0	0/0	0/0	0/0
contig999	33083	G	A	0/0	0/0	0/0	0/0	0/1	0/0	0/0	0/0	0/0
contig999	45597	A	C	0/0	0/0	0/0	0/1	0/0	0/0	0/0	0/0	0/0
contig1000	70935	C	T	0/0	0/0	0/0	0/0	1/1	0/0	0/1	0/0	0/0
contig1000	88934	A	G	0/0	0/0	0/0	0/1	1/1	0/1	1/1	1/1	0/1
contig1000	93646	C	T	0/1	0/1	0/0	0/1	0/0	0/1	0/0	0/0	0/0
contig1000	95642	A	C	0/0	0/0	0/0	0/0	1/1	0/1	1/1	0/0	0/1
contig1000	99002	G	A	0/0	0/0	0/0	0/0	0/0	0/1	0/1	0/0	0/1
contig1001	3575	A	C	0/0	0/0	0/1	0/0	0/1	0/1	1/1	0/1	0/1
contig1001	30096	G	A	0/0	0/1	0/0	0/0	0/1	0/0	0/1	0/1	0/0
contig1001	30372	T	C	0/0	0/1	0/0	0/0	0/1	0/0	0/1	0/1	0/0
contig1001	44058	T	C	0/0	0/0	0/1	0/0	0/1	0/1	1/1	0/0	0/1
contig1001	90846	C	A	0/0	0/1	0/1	0/0	0/0	0/0	0/0	0/0	0/0
contig1002	29266	G	A	0/1	0/0	0/1	0/1	1/1	0/1	0/0	0/1	1/1
contig1005	42977	T	G	0/1	1/1	1/1	0/1	1/1	0/1	1/1	1/1	1/1
contig1005	47550	A	G	0/1	1/1	1/1	0/1	1/1	0/1	1/1	1/1	1/1
contig1005	84251	T	G	0/0	0/1	0/1	0/1	0/1	0/0	0/0	0/1	0/1
contig1005	111306	C	T	0/0	0/0	0/0	0/0	0/0	0/0	0/0	0/1	0/0
contig1006	7038	A	G	0/1	0/0	0/0	0/1	0/0	0/1	0/0	0/0	0/0
contig1006	24218	T	G	1/1	1/1	0/1	1/1	0/1	1/1	1/1	1/1	0/1
contig1006	54562	C	T	0/1	0/0	0/0	0/1	0/0	0/1	0/0	0/0	0/0
contig1006	72459	A	C	0/1	1/1	0/1	0/1	0/1	0/1	1/1	1/1	0/1
contig1006	77496	G	A	0/1	1/1	0/1	0/1	0/1	0/1	1/1	1/1	0/1
contig1006	78807	T	C	0/1	1/1	0/1	0/0	0/1	0/1	1/1	1/1	0/1
contig1008	10565	G	A	0/1	1/1	0/1	1/1	0/0	1/1	0/0	1/1	0/0
contig1008	21794	G	A	0/0	0/1	0/1	0/0	0/0	0/1	0/0	1/1	0/0
contig1008	30772	A	G	0/1	0/0	0/1	0/0	1/1	0/0	1/1	0/0	1/1
contig1009	37371	G	T	0/0	0/1	0/0	0/1	0/0	0/1	0/0	0/0	0/0
contig1009	71148	T	G	1/1	0/1	0/1	1/1	1/1	1/1	1/1	1/1	0/1
contig1009	90961	T	C	0/0	0/0	0/0	0/1	0/0	0/0	0/0	0/1	0/0
contig1009	93903	A	G	0/0	0/0	0/0	0/1	0/0	0/0	0/0	0/1	0/0
contig1009	110062	C	T	0/0	0/0	0/0	0/1	0/0	0/0	0/0	0/1	0/0
contig1009	132576	T	C	1/1	0/1	0/1	1/1	1/1	1/1	1/1	0/1	0/1
contig1009	141914	T	C	0/0	0/0	0/0	0/1	0/0	0/0	0/0	0/1	0/0
contig1009	173325	G	T	0/0	0/0	0/0	0/0	0/0	0/0	0/0	0/1	0/0
contig1009	219649	A	G	0/0	0/1	0/1	0/0	0/0	0/0	0/0	0/0	0/1
contig1009	228051	C	T	0/0	0/0	0/0	0/0	0/0	0/0	0/0	0/1	0/0
contig1009	232573	A	C	0/0	0/1	0/1	0/0	0/0	0/0	0/0	0/0	0/1
contig1009	234459	G	A	1/1	0/0	0/1	0/0	0/1	0/1	1/1	0/1	0/1
contig1009	237044	T	C	1/1	0/0	0/1	0/0	1/1	0/1	1/1	0/1	0/1
contig1009	248245	A	G	0/0	0/0	0/0	0/0	0/1	0/0	0/0	0/1	0/0
contig1009	266133	A	C	0/0	0/0	0/0	0/0	0/1	0/0	0/0	0/1	0/0
contig1009	275295	G	A	0/0	0/0	0/0	0/0	0/0	0/0	0/0	0/1	0/0
contig1009	275656	T	C	0/0	0/0	0/0	0/0	0/0	0/0	0/0	0/1	0/0
contig1010	27208	G	A	0/1	0/1	0/0	0/0	1/1	0/1	1/1	0/0	0/0
contig1010	33715	G	A	0/1	0/1	0/0	0/0	1/1	0/1	1/1	0/0	0/0
contig1010	35404	A	G	0/1	0/0	0/0	1/1	0/0	0/0	0/0	0/0	0/0
contig1011	3056	T	C	0/1	0/0	0/1	0/1	0/1	0/0	0/0	0/1	0/1
contig1011	59778	T	G	1/1	0/1	1/1	1/1	0/1	1/1	1/1	1/1	1/1
contig1011	65294	C	T	0/1	1/1	1/1	0/0	1/1	0/1	1/1	1/1	1/1
contig1011	103433	A	G	0/1	1/1	1/1	0/0	1/1	0/1	1/1	1/1	1/1
contig1011	167734	C	T	1/1	1/1	0/1	1/1	1/1	1/1	1/1	1/1	0/1
contig1011	176860	G	T	0/0	0/0	0/1	0/0	0/0	0/0	0/0	0/0	0/1
contig1011	192994	A	C	0/0	0/0	0/0	0/1	0/0	0/0	0/0	0/0	0/0
contig1011	203348	T	C	0/0	0/1	0/0	1/1	0/0	0/0	0/0	1/1	0/0
contig1011	250189	C	T	0/0	0/0	0/0	0/1	0/0	0/0	0/0	0/0	0/0
contig1012	88402	C	T	0/0	0/0	0/1	0/0	0/1	0/0	0/0	0/0	0/1
contig1012	91281	A	C	0/0	0/0	0/0	0/0	0/0	0/0	0/0	0/0	0/1
contig1013	4298	A	G	0/1	1/1	1/1	1/1	0/1	1/1	1/1	1/1	0/1
contig1013	11334	G	A	0/1	0/1	0/0	1/1	0/0	1/1	0/0	0/1	0/0
contig1013	41402	G	A	0/1	0/0	0/1	0/0	0/1	0/0	0/0	0/1	0/1
contig1013	59436	C	T	0/1	0/1	0/0	1/1	0/1	1/1	0/0	0/1	0/0
contig1013	60185	C	A	0/0	0/0	0/0	0/0	0/1	0/0	0/0	0/0	0/0
contig1013	73870	T	G	0/1	0/1	0/0	1/1	0/0	1/1	0/0	0/1	0/0
contig1013	79291	T	C	0/0	0/0	0/0	0/0	0/1	0/0	0/0	0/0	0/0
contig1013	83893	T	C	0/1	1/1	0/1	1/1	0/1	1/1	1/1	1/1	0/1
contig1014	8784	C	T	0/1	0/0	0/0	0/1	0/1	1/1	0/1	0/1	0/0
contig1014	44333	C	T	0/0	0/0	0/0	0/0	0/1	0/1	0/1	0/0	0/0
contig1014	47265	A	G	0/0	0/0	0/0	0/0	0/1	0/1	0/1	0/0	0/0
contig1014	70237	G	A	1/1	1/1	1/1	1/1	0/1	1/1	1/1	1/1	1/1
contig1014	77953	T	C	0/0	0/0	0/0	0/0	0/0	0/1	0/1	0/0	0/0
contig1014	78373	A	G	0/0	0/0	0/0	0/1	0/0	0/0	0/0	0/1	0/0
contig1014	79031	T	C	0/0	0/0	0/0	0/1	0/0	0/0	0/0	0/1	0/0
contig1014	79044	T	G	0/1	0/1	0/0	1/1	0/1	0/1	0/0	1/1	0/0
contig1014	90362	G	T	0/1	0/1	1/1	0/0	0/1	0/0	0/1	0/0	1/1
contig1016	1708	G	T	1/1	1/1	0/1	1/1	0/0	0/1	0/1	1/1	1/1
contig1016	25231	T	C	1/1	1/1	0/1	1/1	0/0	0/1	0/1	1/1	1/1
contig1016	70090	C	A	0/0	0/1	0/0	0/1	0/0	0/1	0/0	0/0	0/0
contig1016	90919	A	G	1/1	1/1	0/1	1/1	0/0	0/1	0/1	1/1	1/1
contig1016	232819	G	A	0/1	0/0	0/0	0/0	0/1	0/0	0/0	0/0	0/0
contig1016	260527	T	G	1/1	1/1	0/1	1/1	0/0	0/1	0/1	1/1	1/1
contig1017	24453	C	T	0/0	0/1	0/0	0/0	0/0	0/0	0/1	0/0	0/0
contig1017	26745	G	A	0/0	0/1	0/0	0/0	0/0	0/0	0/1	0/0	0/0
contig1017	45777	C	A	0/0	0/1	0/0	0/0	0/1	0/0	0/0	0/0	0/0
contig1018	742	A	C	0/1	0/0	0/0	0/1	0/0	0/1	0/0	0/0	0/0
contig1018	13381	C	A	0/1	0/0	0/0	1/1	0/0	0/1	0/0	1/1	0/0
contig1018	36130	A	C	0/1	0/0	0/0	0/1	0/0	0/1	0/0	0/0	0/0
contig1019	15117	C	T	0/1	0/0	0/0	0/1	0/0	0/1	0/0	0/1	0/0
contig1019	20466	G	A	0/0	0/0	0/0	0/0	0/0	0/0	0/0	0/1	0/0
contig1019	22067	C	T	0/0	0/0	0/0	0/0	0/0	0/0	0/0	0/1	0/0
contig1020	42834	T	C	0/0	0/0	0/1	0/0	0/0	0/0	0/0	0/1	0/1
contig1020	49850	T	G	0/0	0/1	0/0	0/1	0/0	0/0	0/0	0/0	0/0
contig1020	58943	C	T	0/0	0/1	0/0	0/1	0/0	0/0	0/0	0/0	0/0
contig1020	66257	A	G	0/0	0/1	0/0	0/1	0/0	0/0	0/0	1/1	0/0
contig1020	70262	A	G	0/0	0/0	0/0	0/0	0/0	0/0	0/0	1/1	0/0
contig1020	79406	C	T	0/0	0/1	0/1	0/0	0/1	0/0	1/1	0/0	0/1
contig1020	88227	A	G	0/0	0/1	0/1	0/0	0/1	0/0	1/1	0/0	0/1
contig1020	92644	C	A	0/0	0/1	0/1	0/0	0/1	0/0	1/1	0/0	0/1
contig1020	94264	G	A	0/0	0/1	0/1	0/0	0/1	0/0	1/1	0/0	0/1
contig1020	94276	C	T	0/0	0/0	0/0	0/0	0/0	0/0	0/0	0/1	0/0
contig1020	117520	C	A	0/0	0/0	0/0	0/0	0/0	0/0	0/0	0/1	0/0
contig1020	133586	G	A	0/0	0/1	0/1	0/0	0/1	0/0	1/1	0/0	0/1
contig1020	136393	A	G	0/0	0/1	0/1	0/0	0/1	0/0	1/1	0/1	0/1
contig1020	140296	A	G	0/0	0/1	0/1	0/0	0/1	0/0	1/1	0/1	0/1
contig1020	164802	T	C	0/0	0/1	0/1	0/0	0/1	0/0	1/1	0/0	0/1
contig1020	168023	A	C	0/0	0/0	0/0	0/0	0/0	0/0	0/0	0/1	0/0
contig1020	201040	G	A	1/1	1/1	1/1	1/1	1/1	0/1	1/1	1/1	1/1
contig1020	201049	G	T	0/0	0/1	0/1	0/0	0/1	0/0	1/1	0/0	0/1
contig1021	12942	A	C	0/1	0/1	0/1	0/0	0/1	0/1	0/0	0/0	0/1
contig1021	26220	C	A	1/1	0/1	1/1	0/0	0/1	1/1	0/0	0/1	1/1
contig1021	35839	C	T	0/1	0/1	0/1	0/1	0/1	0/1	0/0	0/0	0/1
contig1021	39314	G	A	1/1	0/1	1/1	0/0	1/1	1/1	1/1	1/1	1/1
contig1021	44477	T	C	0/1	0/1	0/1	0/0	1/1	0/1	0/1	0/0	0/1
contig1021	46797	T	G	0/0	0/0	0/0	0/0	0/0	0/0	0/1	0/0	0/0
contig1021	71082	C	A	0/0	0/0	0/0	0/0	0/0	0/0	0/0	0/1	0/0
contig1021	75828	T	C	0/1	0/0	0/1	0/1	0/1	0/1	0/1	1/1	0/1
contig1021	76935	G	A	0/0	0/0	0/0	0/0	0/0	0/0	0/0	0/1	0/0
contig1021	82002	A	G	1/1	0/1	1/1	0/0	0/1	0/1	0/0	0/0	1/1
contig1023	39648	G	A	0/0	0/1	0/0	0/0	0/0	0/1	0/1	0/0	0/0
contig1023	76372	C	T	0/0	0/0	0/0	0/0	0/0	0/0	0/0	0/0	0/1
contig1023	85438	G	T	0/1	0/1	0/0	0/0	0/1	0/0	0/1	0/0	0/1
contig1025	37165	G	A	0/1	0/1	1/1	0/0	0/1	0/1	0/1	0/1	1/1
contig1025	41438	C	T	1/1	0/1	0/0	1/1	0/1	0/1	1/1	1/1	0/1
contig1025	47941	C	T	0/0	0/1	0/1	0/0	0/0	0/0	0/0	0/0	0/0
contig1025	53893	C	T	0/0	0/1	1/1	0/0	0/1	0/1	0/0	0/0	0/1
contig1025	61611	T	C	0/1	0/0	0/0	0/0	0/0	0/0	0/1	0/0	0/1
contig1025	66162	C	A	0/1	0/0	0/0	0/0	0/0	0/0	0/1	0/0	0/1
contig1025	91138	C	T	0/1	0/0	0/0	0/0	0/0	0/0	0/1	0/0	0/1
contig1025	103906	G	A	0/1	0/1	0/1	0/0	0/0	0/0	0/1	0/0	0/1
contig1025	105699	T	C	0/1	0/1	0/1	0/0	0/0	0/0	0/1	0/0	0/1
contig1025	110605	T	C	1/1	1/1	0/1	1/1	0/1	0/1	1/1	1/1	0/1
contig1025	129436	C	T	0/0	0/0	0/0	1/1	0/0	0/1	0/0	0/1	0/0
contig1025	131811	T	C	0/0	0/1	0/0	0/0	0/1	0/0	0/1	0/0	0/0
contig1025	146604	C	A	1/1	0/1	0/1	0/0	0/0	0/0	0/1	0/0	0/1
contig1026	12881	T	C	1/1	0/1	0/1	1/1	1/1	0/1	1/1	0/1	1/1
contig1026	13481	C	A	0/0	0/0	0/1	0/0	0/1	0/0	1/1	0/0	0/1
contig1027	619	G	A	0/1	0/1	1/1	0/0	1/1	0/1	0/1	0/1	1/1
contig1027	52138	A	C	0/1	0/1	1/1	0/0	1/1	0/1	0/1	0/1	1/1
contig1027	83500	A	G	0/1	0/1	0/1	0/0	1/1	0/0	0/1	0/0	0/0
contig1027	101981	G	A	0/1	0/1	0/1	0/0	1/1	0/0	0/1	0/0	0/0
contig1027	118598	G	A	0/1	0/1	0/1	0/0	1/1	0/0	0/1	0/1	0/0
contig1027	137940	T	C	0/1	0/1	0/1	0/0	0/1	0/0	0/0	0/0	0/0
contig1028	53093	T	C	0/1	0/0	0/1	1/1	0/1	0/1	0/0	0/1	1/1
contig1028	112372	G	A	0/0	0/0	0/0	0/0	0/0	0/0	0/0	0/1	0/0
contig1028	158905	A	G	1/1	0/0	0/1	1/1	0/1	1/1	0/1	1/1	0/0
contig1028	167838	G	A	1/1	1/1	1/1	1/1	1/1	1/1	0/1	1/1	1/1
contig1028	174648	C	T	0/1	0/0	0/1	0/0	0/1	0/1	0/1	0/0	0/0
contig1028	177120	G	A	0/0	0/0	0/0	0/0	0/0	0/0	0/0	0/1	0/0
contig1028	197770	C	T	0/0	0/0	0/0	0/0	0/0	0/0	0/1	0/0	0/0
contig1028	198201	A	G	0/0	0/0	0/0	0/0	0/0	0/0	0/1	0/0	0/0
contig1028	226499	G	A	0/0	0/0	0/0	0/0	0/0	0/0	0/1	0/1	0/0
contig1028	230898	C	T	0/0	0/0	0/0	0/0	0/0	0/0	0/1	0/1	0/0
contig1028	248900	G	T	0/0	0/0	0/0	0/0	0/0	0/0	0/1	0/0	0/0
contig1028	249278	C	T	0/0	0/0	0/0	0/0	0/1	0/0	0/0	0/1	0/0
contig1028	286365	T	C	0/0	0/0	0/0	0/0	0/0	0/0	0/1	0/0	0/0
contig1028	291589	A	G	0/0	0/0	0/0	0/0	0/0	0/0	0/1	0/0	0/0
contig1028	295141	G	A	0/0	1/1	0/1	0/0	0/1	0/0	0/0	0/1	1/1
contig1028	296997	T	C	0/1	1/1	0/1	1/1	0/1	0/1	0/1	1/1	1/1
contig1028	309433	A	G	0/0	1/1	0/1	0/0	0/1	0/0	0/0	0/1	1/1
contig1028	325523	C	T	0/0	0/0	0/0	0/0	0/1	0/0	0/1	0/1	0/0
contig1028	329913	A	G	0/1	0/0	0/1	0/0	1/1	0/1	0/1	1/1	0/0
contig1028	335657	G	A	0/1	0/0	0/1	0/0	1/1	0/1	0/1	1/1	0/0
contig1028	336746	C	A	0/1	0/0	0/1	0/0	1/1	0/1	0/1	1/1	0/0
contig1029	7256	A	G	0/0	0/0	0/0	0/0	0/0	0/0	0/0	1/1	0/0
contig1029	7838	C	T	0/0	0/1	0/0	0/0	0/1	0/1	0/0	0/0	0/0
contig1029	13054	G	A	0/0	0/1	0/0	0/0	0/1	0/1	0/0	0/0	0/0
contig1029	15770	A	G	0/0	0/0	0/0	0/0	0/0	0/1	0/0	0/0	0/0
contig1029	29631	A	G	1/1	0/0	0/1	1/1	1/1	1/1	0/0	1/1	0/1
contig1029	29668	C	A	0/0	0/0	0/0	0/1	0/0	0/0	0/0	0/0	0/0
contig1029	34481	A	G	0/0	0/0	0/0	0/1	0/0	0/0	0/0	0/0	0/0
contig1029	34564	C	T	0/0	0/1	0/1	0/1	0/0	0/0	1/1	0/0	0/1
contig1029	44186	C	T	0/0	0/1	0/1	0/1	0/0	0/1	1/1	0/0	0/1
contig1029	45495	T	C	0/0	0/0	0/0	0/1	0/0	0/0	0/0	0/0	0/0
contig1029	62726	G	A	0/0	0/0	0/0	1/1	0/0	0/1	0/0	0/0	0/0
contig1029	69300	A	C	0/0	0/0	0/0	1/1	0/0	0/1	0/0	0/0	0/0
contig1029	72038	A	G	0/0	0/0	0/0	0/1	0/0	0/0	0/0	0/0	0/0
contig1029	111638	A	G	0/0	1/1	0/1	0/1	0/1	0/1	1/1	0/0	0/1
contig1030	6601	A	G	0/1	0/0	0/0	0/1	0/0	0/0	0/0	0/0	0/0
contig1031	14206	A	C	0/0	0/1	0/0	0/1	0/0	0/1	0/0	0/0	0/0
contig1033	64410	G	T	0/1	0/0	0/0	0/0	0/1	0/0	0/0	0/0	0/0
contig1035	5973	C	T	1/1	1/1	0/1	1/1	0/1	0/1	1/1	1/1	1/1
contig1035	18281	A	G	0/0	0/1	0/0	0/1	0/0	0/0	0/0	0/1	0/0
contig1035	50447	G	A	0/0	0/0	0/1	0/0	0/1	1/1	0/0	0/0	0/0
contig1035	69187	T	C	0/0	0/1	0/0	0/1	0/0	0/0	0/0	0/1	0/0
contig1035	82719	G	A	0/0	0/0	0/0	0/0	0/0	0/1	0/0	0/0	0/0
contig1035	83391	A	G	0/1	0/0	0/1	0/1	0/1	1/1	0/0	0/1	0/0
contig1035	94118	C	T	0/0	0/0	0/0	0/0	1/1	0/0	0/0	0/0	0/0
contig1035	108360	G	T	0/0	0/0	0/0	0/0	0/1	0/0	0/0	0/0	0/0
contig1035	121929	G	T	0/0	0/0	0/0	0/0	0/1	0/0	0/0	0/0	0/0
contig1035	135168	T	G	0/1	0/1	0/1	1/1	0/1	1/1	0/0	1/1	0/0
contig1035	141099	A	C	0/0	0/0	0/0	0/0	0/1	0/0	0/0	0/0	0/0
contig1035	147155	G	T	0/1	0/1	0/0	1/1	0/0	0/1	0/0	0/0	0/0
contig1035	174710	T	C	0/0	0/0	0/0	0/0	0/0	0/1	0/0	0/1	0/0
contig1035	195252	G	A	0/1	0/1	0/0	1/1	0/1	0/0	0/0	1/1	0/0
contig1035	225330	T	G	0/0	0/0	0/0	0/0	0/1	0/1	1/1	1/1	0/1
contig1035	248060	C	A	0/1	0/1	0/1	0/0	0/1	0/0	0/0	0/0	0/1
contig1035	250203	C	T	1/1	1/1	0/1	1/1	0/1	0/0	0/0	0/0	0/1
contig1035	257830	T	C	1/1	1/1	0/0	1/1	0/0	0/1	0/0	1/1	0/0
contig1035	257981	G	A	0/1	0/0	0/0	0/1	0/0	0/1	0/0	0/0	0/0
contig1035	262492	G	A	0/1	0/1	0/1	0/0	0/1	0/0	0/0	0/0	0/1
contig1035	268332	A	G	0/1	0/1	0/1	0/0	0/1	0/0	0/0	0/0	0/1
contig1035	273091	T	C	1/1	1/1	0/1	1/1	0/1	0/1	0/0	0/0	0/1
contig1035	279093	T	G	1/1	0/1	0/0	1/1	0/0	0/0	0/0	0/0	0/0
contig1035	316666	T	C	1/1	1/1	0/1	0/1	0/1	0/0	0/0	0/0	0/1
contig1035	322194	T	C	1/1	1/1	0/1	0/1	0/1	0/0	0/0	0/0	0/1
contig1035	350703	A	G	0/0	0/0	0/0	0/1	0/0	0/1	0/0	0/0	0/0
contig1035	354341	C	T	0/1	0/1	0/1	0/0	0/1	0/0	0/0	0/0	0/1
contig1035	357519	G	A	0/1	0/1	0/1	0/0	0/1	0/0	0/0	0/0	0/1
contig1035	369698	G	A	0/0	0/0	0/0	0/0	0/0	0/0	0/0	0/1	0/0
contig1035	379938	T	C	0/1	0/1	0/0	0/1	0/0	0/0	0/0	0/0	0/0
contig1035	408986	C	T	0/1	0/1	0/1	0/0	0/1	0/0	0/0	0/0	0/1
contig1035	420530	A	C	0/1	0/1	0/0	0/1	0/0	0/0	0/0	0/0	0/0
contig1035	469276	T	C	0/1	0/1	0/1	0/0	0/1	0/0	0/0	0/0	0/1
contig1035	492258	A	C	1/1	1/1	0/1	1/1	0/1	0/1	0/0	1/1	0/1
contig1035	524333	G	T	0/1	0/1	0/1	0/1	0/0	0/1	0/0	0/0	0/1
contig1035	546358	A	G	0/0	0/0	0/0	0/1	0/0	0/1	0/0	0/0	0/0
contig1035	558434	C	A	0/1	0/1	0/0	1/1	0/0	0/1	0/0	0/1	0/0
contig1036	13382	G	A	0/0	0/0	0/0	0/1	0/0	0/1	0/0	0/0	0/0
contig1037	99028	A	C	0/0	0/1	0/0	0/0	0/0	0/0	1/1	0/0	0/0
contig1037	169929	T	G	0/0	0/0	0/0	0/1	1/1	1/1	0/0	0/0	0/1
contig1038	9293	C	T	0/0	1/1	1/1	0/1	1/1	0/0	1/1	1/1	1/1
contig1039	21081	G	T	0/0	0/1	0/0	0/0	0/1	0/0	0/0	0/0	0/1
contig1039	24150	C	T	0/0	0/0	0/0	0/0	0/1	0/0	0/0	0/0	0/0
contig1039	28898	A	G	1/1	0/0	0/0	0/0	0/0	0/0	0/0	0/0	0/0
contig1039	29097	G	A	0/0	0/1	0/0	1/1	0/1	0/1	0/0	1/1	0/1
contig1039	31422	G	A	1/1	0/0	0/0	0/0	0/0	0/0	0/0	0/0	0/0
contig1039	35876	G	A	0/0	0/1	0/0	0/0	0/1	0/0	0/0	0/0	0/1
contig1041	9835	G	T	0/1	0/0	0/0	1/1	0/0	0/1	0/1	1/1	0/0
contig1041	18361	T	G	0/0	0/0	0/0	1/1	0/0	0/1	0/1	0/1	0/0
contig1041	45485	G	T	0/0	0/0	0/0	0/0	0/0	0/0	0/1	0/0	0/0
contig1041	51548	G	T	0/0	0/0	0/0	0/0	0/0	0/0	0/1	0/0	0/0
contig1041	60838	G	A	0/0	0/0	0/0	0/0	0/0	0/0	0/1	0/1	0/0
contig1041	118454	G	A	0/1	0/0	0/0	1/1	0/0	0/1	0/1	0/0	0/0
contig1041	147248	C	T	0/0	0/0	0/0	0/1	0/0	0/0	0/0	0/0	0/0
contig1042	8321	T	C	0/0	0/1	0/0	1/1	0/0	0/1	0/0	0/0	0/0
contig1043	57056	A	G	0/0	0/0	0/0	0/0	0/0	0/0	0/0	0/1	0/0
contig1044	4800	T	C	1/1	0/0	0/1	0/0	0/1	0/0	1/1	1/1	0/1
contig1046	32920	G	A	1/1	0/0	0/1	0/0	0/1	0/1	0/1	0/0	1/1
contig1047	508	A	C	0/0	0/0	0/0	1/1	0/0	0/1	0/0	0/0	0/0
contig1047	2567	G	A	0/0	0/0	0/0	0/0	0/0	1/1	0/0	0/0	0/0
contig1047	42591	C	T	0/0	0/1	1/1	0/1	0/1	0/1	1/1	0/0	0/0
contig1047	42688	T	G	0/0	0/1	0/0	0/1	0/1	0/1	0/0	0/0	0/0
contig1047	51740	A	C	0/0	1/1	1/1	1/1	1/1	1/1	1/1	1/1	0/1
contig1047	66177	A	C	0/0	1/1	1/1	1/1	1/1	1/1	1/1	1/1	0/1
contig1047	89993	C	T	0/0	0/1	0/0	1/1	0/0	1/1	0/0	1/1	0/0
contig1047	108126	G	A	0/0	0/0	0/0	0/0	0/0	0/0	0/0	0/1	0/0
contig1047	110987	C	T	0/0	0/0	0/0	0/0	0/0	0/1	0/0	0/1	0/0
contig1047	113587	C	T	0/0	0/1	0/0	1/1	0/0	1/1	0/0	0/0	0/0
contig1047	134314	G	A	0/0	0/1	0/0	1/1	0/0	1/1	0/0	0/0	0/0
contig1047	136916	C	T	0/0	0/1	0/0	1/1	0/0	0/1	0/0	0/0	0/0
contig1047	177947	A	G	1/1	0/1	0/0	1/1	0/0	1/1	0/0	1/1	0/1
contig1047	218369	C	T	0/0	0/0	0/1	0/0	0/0	0/0	0/1	0/0	0/1
contig1048	15914	T	C	1/1	0/1	0/1	1/1	1/1	0/1	1/1	1/1	0/1
contig1048	50411	T	C	0/1	1/1	1/1	0/0	0/0	0/1	1/1	0/0	0/1
contig1048	59491	G	A	1/1	1/1	1/1	1/1	1/1	1/1	1/1	1/1	0/1
contig1048	91364	T	G	0/0	0/0	0/0	1/1	0/0	0/1	0/0	1/1	0/0
contig1048	101945	A	G	0/1	0/1	0/1	1/1	0/0	0/1	1/1	0/0	0/1
contig1048	115116	T	G	0/1	0/1	0/1	0/0	0/0	0/1	0/0	0/0	0/0
contig1048	123201	A	G	1/1	0/1	0/1	0/0	1/1	0/0	1/1	0/0	0/1
contig1048	132767	A	G	0/0	0/1	0/1	0/0	1/1	0/1	0/0	1/1	0/1
contig1048	136534	A	G	1/1	0/1	0/1	1/1	0/1	0/1	1/1	1/1	0/1
contig1048	139381	A	C	0/0	0/1	0/1	0/0	0/1	0/1	0/0	1/1	0/0
contig1048	164280	C	A	0/0	0/0	0/0	1/1	0/0	0/1	0/0	0/0	0/0
contig1048	195376	T	C	0/1	0/0	0/0	1/1	0/1	0/1	0/0	1/1	0/0
contig1048	199483	G	A	0/0	0/0	0/0	1/1	0/0	0/1	0/0	1/1	0/0
contig1048	212603	C	A	0/0	0/0	0/0	1/1	0/0	0/1	0/0	1/1	0/0
contig1048	222812	G	T	0/1	0/1	0/1	0/0	0/1	0/1	0/0	1/1	0/0
contig1048	228121	A	G	0/0	0/0	0/0	0/0	0/1	0/0	0/0	0/0	0/0
contig1048	231714	G	A	0/0	0/0	0/0	1/1	0/0	0/1	0/0	0/0	0/0
contig1048	233992	G	T	0/1	0/1	0/1	1/1	0/1	1/1	0/0	0/0	0/0
contig1048	236420	C	T	0/0	0/1	0/1	0/0	0/0	0/1	0/0	0/0	0/0
contig1048	239468	G	A	0/1	0/0	0/0	1/1	0/1	0/1	0/0	0/0	0/0
contig1048	255866	G	A	0/0	0/0	0/0	1/1	0/0	0/1	0/0	0/0	0/0
contig1048	311714	T	C	0/0	0/0	0/0	0/0	0/0	0/0	0/0	1/1	0/0
contig1048	331077	A	G	0/1	0/1	0/1	1/1	1/1	1/1	0/0	0/1	0/0
contig1048	375467	T	C	0/0	0/0	0/0	0/0	0/1	0/0	0/0	0/0	0/0
contig1048	376451	T	C	0/0	0/0	0/0	0/0	0/1	0/0	0/0	0/0	0/0
contig1048	381207	G	T	0/0	0/0	0/0	1/1	0/0	0/1	0/0	0/0	0/0
contig1049	9586	C	T	0/1	0/0	0/0	0/0	0/0	0/0	0/0	0/0	0/0
contig1049	51315	C	T	0/1	0/0	0/0	1/1	1/1	0/1	0/0	0/1	0/1
contig1049	73767	G	T	0/0	0/0	0/0	0/0	1/1	0/0	0/0	0/0	0/1
contig1049	80199	G	A	0/0	0/0	0/0	0/0	1/1	0/0	0/0	0/0	0/0
contig1049	86252	C	T	0/0	0/1	0/0	0/0	1/1	0/0	0/1	0/0	0/0
contig1049	156810	G	A	1/1	0/0	0/1	1/1	0/0	0/1	0/0	1/1	1/1
contig1049	167615	G	A	0/0	0/0	0/0	0/0	0/0	0/0	0/0	0/1	0/0
contig1049	173783	C	A	0/0	0/0	0/1	0/0	0/0	0/0	0/0	0/0	1/1
contig1049	182266	A	G	0/0	0/0	0/1	0/0	0/0	0/0	0/0	0/1	1/1
contig1049	200531	C	T	0/0	0/0	0/0	0/0	0/0	0/0	0/0	0/1	0/0
contig1051	12073	G	A	1/1	0/1	0/0	1/1	0/0	0/1	0/0	0/1	0/0
contig1052	18601	T	C	0/0	0/0	0/0	0/0	0/1	0/0	0/1	0/1	0/0
contig1052	45018	A	G	0/0	0/1	0/1	1/1	1/1	0/1	0/1	1/1	0/1
contig1052	51214	G	A	0/0	0/0	0/1	0/0	0/1	0/1	0/0	0/0	0/1
contig1052	79127	C	A	0/0	0/0	0/0	0/0	0/0	0/0	0/0	0/1	0/0
contig1052	82519	A	G	0/0	0/0	0/1	0/0	0/1	0/0	0/0	0/0	0/1
contig1052	101697	C	T	0/0	0/0	0/0	0/0	0/1	0/0	0/1	0/0	0/0
contig1052	161130	C	T	0/0	0/0	0/1	0/0	1/1	0/0	0/1	0/1	0/1
contig1052	179749	G	A	0/0	0/1	0/0	0/1	0/0	0/0	0/0	0/0	0/0
contig1052	231383	C	A	0/0	0/0	0/1	0/0	0/1	0/0	0/0	0/0	0/1
contig1052	249379	G	A	0/0	0/1	0/1	1/1	0/1	0/1	0/0	1/1	0/1
contig1052	258922	G	T	0/0	0/0	0/0	0/1	0/0	0/0	0/0	0/0	0/0
contig1052	263140	C	T	0/0	0/0	0/0	0/0	0/1	0/0	0/1	0/0	0/0
contig1052	266347	A	C	0/0	0/0	0/0	0/0	0/1	0/0	0/1	0/0	0/0
contig1052	275594	C	A	0/0	0/0	0/0	0/0	0/1	0/0	0/1	0/0	0/0
contig1052	276716	G	A	0/0	0/1	0/0	0/1	0/0	0/0	0/0	0/1	0/0
contig1052	305119	G	A	0/0	0/0	0/0	0/0	0/0	0/0	0/0	0/1	0/0
contig1052	305522	A	C	0/0	0/1	0/0	0/1	0/0	0/0	0/0	0/1	0/0
contig1052	306727	G	A	0/0	0/0	0/0	0/0	0/0	0/0	0/0	0/1	0/0
contig1052	310846	C	A	0/0	0/0	0/0	0/0	0/0	0/0	0/0	0/1	0/0
contig1052	316350	T	C	0/0	0/0	0/0	0/0	0/0	0/0	0/0	0/1	0/0
contig1052	328619	C	A	0/0	0/0	0/0	0/0	0/0	0/0	0/0	0/1	0/0
contig1052	340149	T	G	0/0	0/0	0/0	0/0	0/1	0/0	0/1	0/1	0/0
contig1052	356013	C	T	0/0	0/0	0/0	0/0	0/0	0/1	0/0	0/0	0/0
contig1052	386498	G	A	0/0	0/1	0/0	1/1	0/0	0/1	0/0	0/0	0/0
contig1052	394177	A	G	0/0	0/0	0/1	0/0	0/1	0/0	0/0	0/0	0/1
contig1052	400987	G	A	0/0	0/1	0/0	0/1	0/0	0/1	0/1	0/1	0/0
contig1052	405668	A	G	0/0	0/1	0/1	0/1	0/1	0/1	0/1	1/1	0/1
contig1052	426395	A	G	0/0	0/0	0/0	0/1	0/0	0/0	0/0	0/0	0/0
contig1052	431447	A	G	0/0	0/0	0/1	0/0	0/1	0/0	0/0	0/1	0/1
contig1052	432105	T	C	0/0	0/1	0/1	1/1	0/1	0/1	0/1	1/1	0/1
contig1052	441143	C	T	0/0	0/0	0/0	0/1	0/0	0/0	0/0	0/0	0/0
contig1052	466300	G	A	0/0	0/0	0/0	0/0	0/0	0/0	0/1	0/0	0/0
contig1052	470499	G	T	0/0	0/0	0/0	0/0	0/0	0/0	0/1	0/0	0/0
contig1052	482283	C	A	0/0	0/0	0/0	0/0	0/0	0/0	0/1	0/0	0/0
contig1052	502140	A	G	0/0	0/0	0/0	0/1	0/0	0/0	0/0	0/0	0/0
contig1052	538471	C	T	0/0	0/0	0/0	0/0	0/0	0/0	0/0	0/1	0/0
contig1052	555289	A	G	0/0	0/1	0/1	1/1	0/0	0/1	0/1	0/1	0/1
contig1052	579983	A	G	0/0	0/1	0/1	0/0	0/0	0/0	0/1	0/0	0/1
contig1052	588535	T	G	1/1	1/1	0/1	1/1	0/1	0/1	0/1	1/1	0/1
contig1052	661880	A	G	1/1	0/1	0/1	0/0	0/0	0/0	0/1	0/0	0/1
contig1052	677888	T	C	1/1	0/1	0/1	0/0	0/1	0/0	0/1	0/0	1/1
contig1052	699081	C	T	1/1	0/1	0/1	0/0	0/0	0/0	0/1	0/0	1/1
contig1052	730348	C	A	0/0	0/0	0/1	0/0	0/1	0/1	0/0	0/1	0/0
contig1052	744011	T	C	1/1	0/1	0/1	0/0	0/0	0/0	0/1	0/1	1/1
contig1052	752251	G	A	0/0	0/1	0/1	1/1	0/1	1/1	0/0	0/1	0/0
contig1053	19649	C	T	0/1	0/1	0/0	0/0	0/0	0/0	0/1	0/0	0/0
contig1053	25890	A	G	0/0	0/0	0/0	0/0	0/0	0/0	0/0	0/0	0/1
contig1053	63635	A	C	0/1	0/0	0/1	0/0	0/0	0/0	0/0	0/0	0/1
contig1053	97278	C	T	0/1	1/1	0/1	0/1	1/1	1/1	1/1	0/1	0/0
contig1053	102326	G	A	0/0	0/0	0/0	0/1	0/0	0/0	0/0	0/0	0/0
contig1053	102556	G	A	0/0	0/0	0/0	0/1	0/0	0/0	0/0	0/0	0/0
contig1057	4298	A	G	0/0	0/0	0/0	0/1	0/0	0/0	0/0	0/1	0/1
contig1057	23348	G	A	0/1	0/1	0/1	0/0	0/1	0/0	0/0	0/1	0/1
contig1057	31923	G	A	0/1	0/0	0/0	0/0	0/0	0/1	0/0	0/0	0/0
contig1057	34354	T	C	0/1	0/1	0/1	0/1	0/1	0/0	0/0	0/0	1/1
contig1057	45441	A	C	0/0	0/0	0/0	0/1	0/0	0/0	0/0	0/1	0/1
contig1057	48066	A	C	0/0	0/0	0/0	0/1	0/0	0/0	0/0	0/0	0/1
contig1059	29393	C	T	0/0	0/0	0/0	0/0	0/0	0/0	0/0	0/1	0/0
contig1059	58430	T	C	0/0	0/0	0/0	0/0	0/0	0/0	0/0	0/1	0/0
contig1059	58967	T	C	0/0	0/1	0/1	1/1	1/1	0/1	0/1	1/1	0/0
contig1059	73255	C	T	1/1	0/1	0/1	0/0	0/0	0/1	0/1	0/0	1/1
contig1059	91309	C	T	0/0	0/0	0/0	0/0	0/0	0/0	0/0	1/1	0/0
contig1061	52966	A	G	1/1	0/1	1/1	0/1	1/1	0/1	1/1	1/1	1/1
contig1062	7286	G	A	0/0	0/0	0/0	0/0	0/0	0/0	0/0	1/1	0/0
contig1063	7248	C	T	0/1	0/1	0/0	1/1	0/0	0/1	0/0	0/0	0/0
contig1063	99309	C	T	0/0	0/1	0/0	1/1	0/0	0/1	0/0	0/0	0/0
contig1063	105671	C	A	1/1	0/1	0/0	1/1	0/0	0/1	0/0	0/1	0/1
contig1063	150778	C	T	0/0	0/0	0/0	0/0	0/0	0/0	0/0	0/1	0/0
contig1063	152374	C	T	0/0	0/0	0/0	0/0	0/0	0/0	0/0	0/1	0/0
contig1063	182304	C	A	0/0	0/0	0/0	0/0	0/1	0/1	0/0	0/0	0/0
contig1063	198215	T	C	0/0	0/1	0/0	1/1	0/0	0/1	0/0	0/0	0/0
contig1063	220813	A	G	1/1	0/0	0/0	0/0	0/0	0/1	0/0	0/0	0/1
contig1063	221790	A	C	0/0	0/1	1/1	0/0	1/1	0/1	1/1	0/0	0/1
contig1063	222111	T	C	0/0	0/1	0/0	1/1	0/0	1/1	0/0	1/1	0/0
contig1063	231235	C	A	0/0	0/0	0/0	0/0	0/0	0/1	0/0	0/0	0/0
contig1063	274750	G	A	0/0	0/0	0/0	0/0	0/0	0/1	0/0	0/0	0/0
contig1063	334727	T	C	0/0	0/0	0/0	0/0	0/0	0/1	0/1	0/0	0/0
contig1063	361260	G	A	0/0	0/0	0/0	0/0	0/0	0/1	0/1	0/1	0/0
contig1063	386337	G	A	0/0	0/0	0/0	0/0	0/0	0/1	0/1	0/1	0/1
contig1063	430616	G	A	0/1	0/0	0/0	0/0	0/0	0/0	0/0	0/0	0/0
contig1063	449365	A	G	0/0	0/0	0/0	0/1	0/0	0/0	0/0	0/1	0/1
contig1063	453958	A	G	0/0	0/0	0/0	0/1	0/0	0/0	0/0	0/0	0/1
contig1063	464403	A	G	0/1	0/0	0/0	0/0	0/0	0/1	0/0	1/1	0/0
contig1063	665888	G	A	0/0	0/0	0/0	0/0	0/0	0/0	0/0	0/1	0/1
contig1063	753676	T	G	0/1	0/0	0/1	1/1	0/1	1/1	1/1	0/1	0/0
contig1063	833314	C	A	1/1	0/1	0/1	1/1	0/1	1/1	0/0	1/1	1/1
contig1063	912145	A	G	0/0	0/1	0/1	1/1	0/1	0/1	1/1	1/1	0/0
contig1063	929546	C	T	1/1	0/1	0/1	1/1	0/1	1/1	0/0	0/1	1/1
contig1063	1026780	C	T	0/1	0/0	0/0	0/1	0/0	1/1	0/0	0/1	0/0
contig1063	1054517	C	A	0/1	0/0	0/0	0/0	0/0	0/1	0/0	0/1	0/0
contig1063	1054544	C	A	0/1	0/1	0/1	0/0	0/1	0/0	0/0	0/0	1/1
contig1063	1060629	C	T	0/1	0/1	0/1	0/0	0/1	0/0	0/0	0/0	1/1
contig1063	1135870	T	G	0/0	0/0	0/0	1/1	0/0	0/0	0/0	0/0	0/0
contig1063	1228700	G	A	0/0	0/0	0/0	0/0	0/0	0/1	0/0	0/0	0/0
contig1063	1237990	G	A	0/0	0/0	0/0	0/1	0/0	0/1	0/0	0/1	0/0
contig1063	1285225	T	C	0/1	0/1	0/1	0/1	0/0	0/1	1/1	1/1	0/0
contig1063	1290661	A	G	0/1	0/1	0/1	1/1	1/1	1/1	0/0	1/1	1/1
contig1063	1318469	G	A	0/0	0/0	0/0	0/1	0/0	0/0	0/0	0/0	0/0
contig1063	1354471	T	C	0/0	0/1	0/1	1/1	0/0	0/1	1/1	1/1	0/0
contig1063	1355575	C	T	0/1	0/1	0/1	1/1	0/0	0/1	1/1	1/1	0/0
contig1063	1440507	C	T	0/1	0/1	0/0	1/1	0/0	0/0	0/0	0/0	0/0
contig1063	1440526	C	A	0/0	0/0	0/0	0/0	0/0	0/1	0/0	0/0	0/0
contig1063	1553225	C	T	0/0	0/1	0/0	0/1	0/0	0/0	0/0	0/1	0/0
contig1063	1553491	C	A	0/0	0/0	0/0	0/1	0/0	0/0	0/0	0/1	0/1
jcf7180001165232	8818	C	A	0/0	0/0	0/0	0/0	0/0	0/0	0/0	1/1	0/0
jcf7180001165320	228	C	T	0/0	0/0	0/0	0/0	0/0	0/0	0/1	0/0	0/0
jcf7180001165407	6394	G	A	0/1	0/1	0/1	0/1	0/1	0/1	0/1	0/1	0/1
jcf7180001165463	2881	C	T	0/0	0/1	1/1	0/0	0/0	0/1	0/0	1/1	0/1
jcf7180001165471	5233	T	C	1/1	1/1	0/1	0/1	0/1	0/1	1/1	1/1	0/0
jcf7180001165559	853	C	T	0/0	0/0	0/0	0/0	0/1	0/0	0/1	0/1	0/0
jcf7180001165635	3130	A	G	0/0	0/1	1/1	0/0	1/1	1/1	0/0	1/1	1/1
jcf7180001165635	3485	T	C	0/0	0/1	1/1	0/0	1/1	1/1	0/0	1/1	1/1
jcf7180001165637	3528	T	C	0/1	0/0	0/1	1/1	0/1	0/1	0/0	1/1	0/1
jcf7180001165853	7188	A	G	0/0	0/0	0/0	0/0	0/1	0/1	0/0	0/1	0/0
jcf7180001165857	6389	T	G	0/1	0/1	0/0	1/1	0/0	0/1	0/0	1/1	0/1
jcf7180001165903	10303	A	G	0/0	0/1	0/1	0/0	1/1	0/0	1/1	0/0	0/1
jcf7180001165911	5015	G	A	0/0	0/1	0/1	0/1	0/1	0/1	1/1	1/1	0/1
jcf7180001165977	25184	C	A	0/1	0/0	0/0	0/1	0/0	1/1	0/1	0/0	0/1
jcf7180001165980	8265	T	C	0/1	0/1	0/0	0/1	1/1	1/1	1/1	0/0	0/0
jcf7180001165980	8408	T	C	0/1	0/1	0/0	0/1	1/1	1/1	1/1	1/1	0/0
jcf7180001165980	12208	C	A	0/0	0/0	0/0	0/0	1/1	0/0	1/1	0/0	0/0
jcf7180001166156	1605	G	A	0/1	0/1	0/0	0/0	0/0	0/0	0/1	0/1	0/0
jcf7180001166163	2032	C	T	0/0	0/0	0/1	0/0	0/0	0/1	0/0	0/0	0/1
jcf7180001166235	4881	T	C	0/1	0/0	0/0	1/1	0/0	0/1	0/0	0/0	0/1
jcf7180001166343	5905	T	G	0/1	0/1	0/0	1/1	0/1	0/1	0/1	1/1	0/1
jcf7180001166440	2852	C	T	0/1	0/0	0/0	0/0	0/1	0/0	0/0	0/1	0/0
jcf7180001166445	16893	G	A	0/0	0/1	0/0	0/0	0/1	0/0	1/1	0/0	0/0
jcf7180001166449	1316	T	C	0/0	0/0	0/0	0/1	0/0	0/0	0/0	0/1	0/0
jcf7180001166551	680	A	G	0/0	0/1	0/1	0/0	0/0	0/0	0/0	0/0	0/1
jcf7180001166563	423	C	T	0/1	0/1	0/1	0/1	0/1	1/1	1/1	1/1	0/1
jcf7180001166570	6522	G	A	0/0	1/1	1/1	1/1	1/1	1/1	0/1	0/0	0/1
jcf7180001166571	2479	G	T	0/1	0/0	0/1	0/0	1/1	0/0	0/0	0/0	0/1
jcf7180001166572	5334	A	G	0/1	0/0	0/0	1/1	0/1	1/1	0/0	1/1	0/1
jcf7180001166685	5306	A	G	0/0	1/1	0/0	0/0	0/0	0/0	0/1	0/0	0/0
jcf7180001166688	483	T	C	0/0	0/0	0/0	0/1	0/0	0/0	0/0	1/1	0/0
jcf7180001166729	1962	G	A	0/0	0/0	0/0	0/0	0/0	0/0	0/0	0/1	0/0
jcf7180001167028	2447	T	C	1/1	1/1	0/1	0/1	0/1	0/0	1/1	0/0	0/1
jcf7180001167065	5735	C	T	0/0	1/1	0/0	1/1	0/0	1/1	0/0	0/0	0/0
jcf7180001167232	754	T	C	1/1	0/0	1/1	1/1	0/1	1/1	0/1	0/0	1/1
jcf7180001167235	6791	C	A	0/0	0/0	0/0	0/0	1/1	0/0	1/1	0/0	1/1
jcf7180001167267	7259	C	T	0/0	0/0	0/0	1/1	0/1	1/1	0/0	0/1	1/1
jcf7180001167459	24005	A	G	0/0	0/0	0/1	0/0	0/1	0/0	0/1	0/0	0/0
jcf7180001167471	2602	G	A	0/0	0/0	0/0	0/0	0/0	0/0	1/1	0/1	0/0
jcf7180001167483	18649	C	T	0/1	0/1	0/0	0/1	0/0	0/1	0/0	0/1	0/0
jcf7180001167548	4493	C	A	0/1	0/1	0/0	0/0	0/0	0/0	1/1	0/0	0/1
jcf7180001167758	1071	T	C	0/0	0/0	0/0	0/0	0/0	0/0	0/0	0/1	0/0
jcf7180001168072	1222	G	T	0/0	0/0	0/1	0/0	0/0	0/0	1/1	0/0	1/1
jcf7180001168217	3870	T	C	0/0	0/1	0/1	0/1	0/1	0/1	1/1	0/0	0/1
jcf7180001168913	2760	T	C	0/1	0/1	1/1	1/1	0/0	1/1	0/0	0/1	0/1
jcf7180001169623	3681	T	G	0/0	0/1	0/0	1/1	0/0	0/0	0/0	0/0	0/0
jcf7180001169712	3050	C	T	0/0	0/1	0/1	0/0	0/1	0/1	1/1	0/1	1/1
jcf7180001169788	3658	G	A	0/0	0/0	0/0	0/1	0/0	0/0	0/0	0/0	0/0
jcf7180001169788	10452	G	A	0/1	0/0	0/0	0/1	0/0	0/1	0/0	0/0	0/0
jcf7180001169846	4634	C	T	1/1	1/1	1/1	1/1	0/0	0/0	0/0	1/1	0/0
jcf7180001171091	2781	T	G	0/0	0/1	0/1	0/1	0/0	1/1	0/0	0/1	0/1
jcf7180001171091	10427	C	T	0/0	0/0	0/0	0/1	0/0	0/1	0/0	0/0	0/1
jcf7180001172265	643	T	C	1/1	0/1	0/0	1/1	0/0	0/1	0/0	0/1	0/0
jcf7180001172276	2580	C	T	0/0	0/0	0/0	0/1	0/0	0/0	0/1	0/0	0/1
jcf7180001172276	2669	C	T	0/0	0/0	0/0	1/1	0/0	0/1	1/1	1/1	0/1
jcf7180001172393	41462	C	A	1/1	0/1	0/1	1/1	0/1	0/1	0/1	0/1	1/1
jcf7180001172647	14796	A	G	0/1	0/1	0/0	0/1	0/0	0/0	0/1	1/1	0/0
jcf7180001172928	3534	T	G	1/1	1/1	0/1	0/1	0/1	0/1	0/1	1/1	0/1
jcf7180001175727	19600	G	A	1/1	1/1	1/1	0/1	1/1	0/1	1/1	1/1	1/1
jcf7180001175727	21253	G	A	0/0	0/0	0/0	0/0	0/0	0/0	0/0	0/0	0/1
jcf7180001175853	12274	G	A	0/0	0/0	0/0	0/0	0/0	0/0	0/0	0/1	0/0
jcf7180001177120	8807	T	G	0/1	0/1	0/1	0/0	0/1	1/1	1/1	0/0	0/1
jcf7180001180872	2955	T	C	0/0	0/0	0/1	0/0	0/1	0/0	0/1	0/0	0/1
jcf7180001182530	2330	C	T	0/0	0/0	0/1	0/0	0/1	0/1	1/1	0/1	0/0
jcf7180001182579	3839	G	A	0/0	0/1	0/0	0/1	0/0	0/1	0/0	0/1	0/0
jcf7180001183238	4652	G	T	0/0	0/0	0/0	0/0	0/0	0/0	0/0	0/1	0/0
jcf7180001183895	51346	G	A	0/0	0/0	0/0	1/1	0/0	0/0	0/0	0/0	0/0
jcf7180001183977	1828	A	G	1/1	0/0	0/0	0/1	1/1	0/1	0/0	0/0	0/0
jcf7180001183977	2351	G	A	0/0	0/0	0/0	0/1	0/0	0/1	0/0	0/0	0/0
jcf7180001183977	5886	T	C	0/0	0/0	0/0	0/1	0/0	0/1	0/0	0/0	0/0
jcf7180001190716	17654	T	C	1/1	1/1	0/0	1/1	1/1	1/1	1/1	1/1	0/1
jcf7180001191757	5257	C	A	0/0	0/0	0/0	1/1	0/0	0/0	0/0	0/1	0/0
jcf7180001194553	1229	C	T	0/1	0/0	0/0	0/1	0/0	0/0	0/0	0/1	0/0
jcf7180001195240	700	G	A	0/0	1/1	1/1	0/1	0/1	1/1	1/1	1/1	1/1
jcf7180001195387	6153	T	C	1/1	1/1	1/1	0/1	1/1	1/1	0/1	0/1	0/1
jcf7180001195528	6206	A	G	1/1	0/0	0/0	1/1	0/0	0/1	0/0	1/1	0/0
jcf7180001196022	3378	A	C	0/0	0/1	0/0	0/1	0/0	0/1	0/0	0/0	0/0
jcf7180001196058	1693	A	C	0/0	0/1	0/1	0/0	0/1	0/1	0/1	0/1	0/1
jcf7180001196058	2572	T	C	0/0	0/0	0/0	0/0	0/1	0/0	0/0	0/0	0/0
jcf7180001197756	2928	C	T	1/1	0/0	0/1	0/0	0/0	0/0	0/0	0/1	0/0
jcf7180001198931	7671	C	T	0/0	0/1	1/1	0/1	0/1	0/1	1/1	0/0	1/1
jcf7180001199092	2659	G	T	0/0	0/0	0/0	0/0	0/0	0/0	0/1	0/0	0/1
jcf7180001199092	3072	A	G	0/0	0/0	0/0	0/0	0/0	0/0	0/1	0/0	0/1
jcf7180001200173	450	A	G	0/0	0/0	0/1	0/0	0/1	0/1	0/0	0/0	0/0
jcf7180001202271	31182	G	T	0/0	0/0	0/0	0/0	0/1	0/0	0/0	0/1	0/0
jcf7180001204660	2908	T	C	1/1	1/1	1/1	0/1	0/1	0/1	0/1	0/0	1/1
jcf7180001205905	17806	G	A	0/1	0/0	0/0	0/0	0/0	0/0	0/0	0/0	0/0
jcf7180001205911	11415	A	C	0/0	0/0	0/0	0/1	0/1	0/1	0/0	0/1	0/0
jcf7180001206050	1784	G	T	0/0	0/0	0/1	1/1	0/0	1/1	1/1	1/1	0/1
jcf7180001206117	623	C	T	0/0	0/0	0/1	0/0	0/1	0/0	0/0	1/1	0/0
jcf7180001206121	2689	C	T	0/0	0/1	0/0	1/1	0/0	0/0	0/0	1/1	1/1
jcf7180001206121	5873	T	C	0/1	0/1	0/1	1/1	0/1	0/1	0/1	1/1	0/1
jcf7180001206157	579	A	G	0/1	1/1	0/1	1/1	0/1	0/1	1/1	0/1	0/1
jcf7180001206645	3375	C	T	0/0	0/0	0/1	0/0	0/1	0/1	1/1	0/1	0/0
jcf7180001207064	59634	A	C	0/0	0/1	0/1	0/1	1/1	1/1	0/1	1/1	0/0
jcf7180001207064	59674	G	A	0/0	0/1	0/1	0/1	1/1	1/1	0/1	1/1	0/0
jcf7180001207064	82542	C	T	0/0	0/1	0/1	0/1	1/1	1/1	0/1	1/1	0/0
jcf7180001207091	5125	G	A	0/1	0/0	0/0	0/0	1/1	0/0	1/1	0/0	0/1
jcf7180001207091	5182	T	C	0/1	0/0	0/0	0/0	1/1	0/0	1/1	0/0	0/1
jcf7180001207093	13976	A	G	0/1	0/1	0/0	1/1	0/0	1/1	0/0	0/0	0/0
jcf7180001207093	25455	T	C	0/1	0/1	0/0	0/1	0/0	0/1	0/0	0/0	0/0
jcf7180001207106	2312	C	T	0/1	0/1	0/0	0/1	0/1	0/0	0/0	0/0	0/0
jcf7180001207123	2431	A	G	0/1	0/1	0/0	1/1	0/1	0/1	0/1	0/1	0/0
jcf7180001207152	13188	C	A	0/0	0/1	0/1	0/0	0/1	0/1	1/1	0/0	0/0
jcf7180001207166	16645	T	C	0/0	0/0	0/0	0/0	0/0	0/0	0/0	0/1	0/0
jcf7180001207173	4619	G	A	0/1	0/0	0/0	0/0	0/1	0/0	0/0	0/1	0/0
jcf7180001207173	6828	C	T	0/0	0/0	0/0	0/0	0/0	0/0	0/0	0/1	0/0
jcf7180001207175	17324	G	T	0/0	0/0	0/1	0/0	0/0	0/0	0/0	0/1	0/0
jcf7180001207187	1022	C	T	0/0	0/0	0/1	0/0	0/1	0/0	0/0	0/0	0/1
jcf7180001207187	5462	T	G	0/0	0/0	0/1	0/0	1/1	0/0	0/0	0/0	1/1
jcf7180001207198	11893	G	A	0/1	0/1	0/1	0/0	0/1	0/1	0/1	1/1	0/1
jcf7180001207198	12061	T	G	0/1	0/1	0/1	0/0	0/1	0/1	0/1	1/1	0/1
jcf7180001207242	1486	C	T	0/1	0/0	0/0	0/1	0/0	0/0	0/1	0/1	0/0
jcf7180001207242	1756	G	A	0/0	0/0	0/0	0/0	0/0	0/0	0/0	0/1	0/0
jcf7180001207242	5666	C	T	0/0	0/0	0/0	0/0	0/0	0/0	0/0	0/1	0/0
jcf7180001207271	5619	T	G	0/1	0/0	1/1	0/0	0/0	0/0	0/0	0/0	1/1
jcf7180001207274	860	C	A	1/1	1/1	0/0	1/1	0/0	0/0	1/1	1/1	0/0
jcf7180001207294	4274	C	T	0/0	0/0	0/0	0/0	0/0	0/0	0/0	0/1	0/0
jcf7180001207305	2372	A	G	0/1	0/0	0/0	0/0	0/0	0/1	0/0	0/0	0/0
jcf7180001207403	1335	A	G	1/1	0/1	0/0	1/1	1/1	0/1	0/1	0/1	0/1
jcf7180001207822	6662	A	G	0/1	0/0	0/0	0/1	0/0	0/0	0/0	0/1	0/0
jcf7180001207861	1874	C	T	0/1	1/1	0/1	0/1	1/1	0/1	0/1	0/0	0/1
jcf7180001207870	1985	C	A	0/1	1/1	1/1	0/0	1/1	0/1	1/1	1/1	1/1
jcf7180001207886	4502	T	C	0/0	0/0	0/1	0/0	0/1	1/1	0/0	0/0	0/0
jcf7180001208053	27387	C	A	1/1	0/1	0/0	0/0	0/1	0/1	1/1	0/1	0/0
jcf7180001208087	348	G	A	0/0	1/1	0/0	1/1	0/0	0/0	0/0	0/0	1/1
jcf7180001208087	12502	G	T	1/1	1/1	0/0	0/1	1/1	1/1	0/0	0/0	0/1
jcf7180001208087	13315	G	A	0/0	1/1	0/0	0/1	0/0	0/0	0/0	0/0	0/0
jcf7180001208089	567	G	T	0/0	1/1	1/1	1/1	1/1	1/1	1/1	0/0	0/0
jcf7180001208125	12160	A	G	0/0	0/0	0/1	0/1	0/1	0/0	0/0	0/0	0/0
jcf7180001208125	12192	G	A	0/0	0/0	0/0	0/0	0/0	0/0	0/0	1/1	0/0
jcf7180001208145	10130	C	T	0/1	0/0	0/0	0/0	0/0	0/0	0/1	0/0	0/0
jcf7180001208413	4322	T	C	0/0	0/0	0/1	0/0	0/1	0/1	0/0	0/0	0/1
jcf7180001208561	8528	C	T	0/0	0/0	0/0	0/0	0/1	0/0	0/0	0/0	0/0
jcf7180001208736	10921	C	T	0/1	0/0	0/0	0/0	0/0	0/0	0/0	0/1	0/0
jcf7180001209379	5391	C	T	0/0	0/0	0/0	0/0	0/1	0/0	0/0	0/0	0/1
jcf7180001209510	2459	A	C	0/0	0/0	0/0	0/0	0/0	0/0	0/0	0/1	0/0
jcf7180001209510	4967	C	T	0/0	0/0	0/0	0/0	0/0	0/0	0/0	0/1	0/0
jcf7180001212912	18681	C	T	1/1	1/1	1/1	1/1	0/1	0/1	1/1	1/1	0/1
jcf7180001213224	1710	G	A	0/1	0/0	0/1	0/0	1/1	0/0	0/0	0/0	1/1
jcf7180001213272	15900	C	A	0/1	0/1	0/1	0/0	0/1	0/1	0/1	0/1	0/1
jcf7180001213273	6250	T	G	0/0	0/0	0/0	0/0	0/0	0/0	0/0	0/1	0/0
jcf7180001213273	19520	G	A	0/0	0/0	0/0	0/0	0/0	0/0	0/0	0/1	0/0
jcf7180001213274	5299	T	C	0/1	1/1	1/1	0/0	1/1	0/1	1/1	1/1	1/1
jcf7180001213274	6051	A	G	0/1	1/1	1/1	0/0	1/1	0/1	1/1	1/1	1/1
jcf7180001213276	23399	A	G	0/0	0/0	0/0	0/0	0/0	0/0	0/0	0/1	0/0
jcf7180001213276	30120	G	A	0/0	0/0	0/0	0/0	0/1	0/0	0/0	0/1	0/0
jcf7180001213277	9761	T	C	1/1	0/1	0/1	1/1	1/1	1/1	1/1	1/1	0/0
jcf7180001213277	11857	A	C	1/1	0/1	0/1	1/1	1/1	1/1	1/1	1/1	0/0
jcf7180001213277	16861	G	A	0/1	0/0	0/1	0/1	0/1	0/1	1/1	0/0	0/0
jcf7180001213277	17996	T	C	0/0	0/0	0/0	0/1	0/0	0/1	0/0	0/0	0/0
jcf7180001213277	24867	G	T	0/1	0/0	0/1	0/1	0/1	0/1	1/1	0/0	0/0
jcf7180001213277	35829	C	T	0/1	0/1	0/1	0/1	0/1	0/1	0/1	0/1	0/1
jcf7180001213277	64168	T	G	0/1	0/0	0/1	0/0	0/1	0/1	1/1	0/0	0/0
jcf7180001213278	21168	G	T	0/1	1/1	1/1	0/1	0/1	1/1	0/1	0/1	0/1
jcf7180001213279	9056	T	C	0/1	0/0	0/0	1/1	0/1	0/1	0/1	0/1	0/0
jcf7180001213282	37226	G	T	0/0	0/0	0/0	0/0	0/0	0/0	0/0	0/1	0/0
jcf7180001213283	19656	T	C	0/1	1/1	1/1	1/1	1/1	1/1	1/1	0/1	0/1
jcf7180001213283	27453	C	T	0/1	1/1	0/1	1/1	1/1	1/1	0/1	0/1	0/0
jcf7180001213283	40729	C	A	0/0	0/1	0/1	0/0	1/1	0/1	0/1	0/0	0/0
jcf7180001213283	40746	A	G	0/0	0/1	0/1	0/0	1/1	0/1	0/1	0/1	0/0
jcf7180001213283	53915	C	T	0/0	0/0	0/1	0/0	0/0	0/0	0/0	0/0	0/0
jcf7180001213283	54503	G	A	0/0	0/1	0/0	1/1	0/0	0/1	0/0	0/0	0/0
jcf7180001213283	58010	A	C	0/1	0/0	0/0	0/0	0/0	0/0	0/1	0/0	0/1
jcf7180001213283	58099	T	G	0/0	1/1	0/1	1/1	0/1	0/1	0/1	0/1	0/0
jcf7180001213284	45414	A	G	0/0	0/1	0/0	0/1	0/0	0/1	0/0	0/1	0/0
jcf7180001213284	58673	A	C	0/0	0/1	0/0	0/1	0/1	0/1	0/1	0/0	0/1
jcf7180001213286	22228	T	C	1/1	0/1	0/1	1/1	1/1	0/1	1/1	1/1	0/0
jcf7180001213289	25769	G	A	0/1	0/0	0/0	0/1	0/0	0/1	0/0	0/0	0/0
jcf7180001213291	55050	G	T	0/0	1/1	0/0	0/0	0/0	0/0	0/1	0/0	0/0
jcf7180001213292	20852	G	T	0/1	0/1	0/1	0/0	0/0	0/1	0/0	1/1	0/1
jcf7180001213292	20956	T	C	0/0	0/0	0/0	0/0	0/0	0/0	0/0	0/1	0/0
jcf7180001213301	10903	G	A	1/1	1/1	0/0	1/1	1/1	0/1	0/1	1/1	0/1
jcf7180001213303	35990	C	T	0/1	0/1	0/0	1/1	0/0	0/1	0/1	1/1	0/1
jcf7180001213309	42998	C	T	0/0	0/0	0/0	0/0	0/0	0/0	0/0	0/1	0/0
jcf7180001213310	1381	C	T	1/1	1/1	1/1	1/1	0/1	1/1	1/1	0/0	1/1
jcf7180001213310	9482	C	T	0/1	0/0	0/0	0/0	0/0	0/0	0/1	0/0	0/1
jcf7180001213313	40286	G	A	0/0	0/1	0/0	0/0	0/0	1/1	0/1	1/1	0/1
jcf7180001213346	3405	C	T	0/1	0/1	0/1	0/1	1/1	0/0	0/0	0/0	1/1
jcf7180001213347	440	C	T	0/0	0/1	0/1	0/0	0/0	0/1	1/1	0/1	0/0
jcf7180001213356	10991	G	A	0/0	0/0	0/0	0/0	0/0	0/0	1/1	0/0	0/0
jcf7180001213357	10843	A	G	0/0	0/1	0/1	0/0	1/1	1/1	1/1	0/0	0/1
jcf7180001213358	13523	A	G	0/0	0/0	0/0	0/0	0/0	0/1	0/0	0/0	0/0
jcf7180001213358	19025	C	T	0/1	0/0	0/0	0/0	0/0	0/0	0/0	0/0	0/0
jcf7180001213358	34808	G	A	0/0	0/0	0/0	0/0	0/0	0/1	0/1	0/0	0/0
jcf7180001213358	39392	C	A	0/0	0/0	0/1	0/0	0/0	0/0	0/0	0/1	0/1
jcf7180001213363	16534	G	T	0/1	0/1	0/1	0/1	0/1	0/1	1/1	0/1	0/1
jcf7180001213369	13473	A	G	0/0	0/0	0/1	0/0	1/1	0/1	0/0	0/0	0/0
jcf7180001213369	22603	T	C	0/0	0/0	0/0	0/0	0/0	0/0	0/0	0/1	0/0
jcf7180001213371	24162	C	T	0/1	0/1	0/0	1/1	0/0	0/1	0/0	0/0	0/0
jcf7180001213373	15283	T	G	0/1	0/1	0/1	0/0	0/1	0/1	0/1	0/0	0/1
jcf7180001213374	32800	A	G	0/0	0/0	0/0	0/1	0/0	0/0	0/0	0/1	0/0
jcf7180001213376	3939	A	G	0/0	0/1	0/1	0/0	0/1	0/1	0/1	0/1	0/1
jcf7180001213376	5467	C	A	0/0	0/1	0/1	0/0	0/1	0/1	0/1	0/1	0/1
jcf7180001213378	16217	A	G	0/0	0/0	0/0	0/1	0/0	0/1	0/0	0/0	0/0
jcf7180001213383	334	G	T	0/0	0/1	0/0	0/1	0/0	0/0	0/0	0/0	0/0
jcf7180001213383	17543	C	T	0/0	0/1	0/0	0/1	0/0	0/0	0/0	0/0	0/0
jcf7180001213385	38392	T	G	1/1	0/1	0/1	0/1	1/1	1/1	1/1	0/0	0/1
jcf7180001213388	5084	T	C	0/1	1/1	0/1	1/1	1/1	0/1	0/1	0/1	1/1
jcf7180001213390	30827	G	A	0/0	0/0	0/0	0/0	0/1	0/0	0/0	0/0	0/0
jcf7180001213397	2943	C	A	0/1	0/0	1/1	0/1	0/1	0/1	0/1	0/0	1/1
jcf7180001213400	60059	T	C	0/0	0/0	0/0	0/0	0/0	0/0	0/0	0/1	0/0
jcf7180001213400	83780	A	G	1/1	1/1	0/1	0/1	0/1	1/1	0/1	0/1	0/1
jcf7180001213400	88106	C	A	1/1	0/1	0/1	0/0	0/1	0/1	0/1	0/1	0/1
jcf7180001213400	99463	C	T	1/1	0/1	0/1	0/0	0/1	0/1	0/1	0/1	0/1
jcf7180001213400	146503	C	T	0/0	0/0	0/0	0/0	0/0	0/0	0/0	0/1	0/0
jcf7180001213401	9940	T	C	0/1	0/0	0/1	0/0	0/1	0/0	0/1	0/0	0/1
jcf7180001213401	13141	T	C	1/1	0/1	1/1	0/0	1/1	0/1	1/1	0/0	0/1
jcf7180001213401	16337	C	A	1/1	0/1	1/1	0/0	1/1	0/1	1/1	1/1	0/1
jcf7180001213402	108014	C	A	0/0	0/0	0/0	0/1	0/0	0/1	0/0	0/0	0/0
jcf7180001213402	108108	A	G	0/0	0/0	0/0	0/1	0/0	0/1	0/0	1/1	0/0
jcf7180001213402	108408	C	T	0/0	0/0	0/0	0/0	0/0	0/0	0/0	1/1	0/0
jcf7180001213402	108503	C	A	0/0	0/0	0/0	0/1	0/0	0/1	0/0	1/1	0/0
jcf7180001213405	1213	C	T	0/1	0/0	0/0	0/1	0/1	0/1	0/0	1/1	0/0
jcf7180001213405	35305	G	A	0/0	0/1	0/1	0/1	0/1	0/1	0/0	1/1	0/0
jcf7180001213405	35482	G	T	0/0	0/0	0/0	0/1	0/0	0/0	0/1	0/0	0/0
jcf7180001213409	22578	G	A	0/0	0/1	0/0	0/0	0/1	0/0	0/0	1/1	0/0
jcf7180001213409	30545	C	T	0/0	0/1	1/1	1/1	0/1	1/1	0/1	0/0	0/1
jcf7180001213412	19748	C	T	1/1	0/0	0/0	0/0	0/0	0/0	0/0	1/1	0/0
jcf7180001213412	20906	A	G	1/1	0/0	0/0	0/0	0/0	0/0	0/0	1/1	0/0
jcf7180001213412	41447	T	C	1/1	0/0	0/1	0/0	0/1	0/0	0/1	1/1	0/1
jcf7180001213412	58769	G	A	0/0	0/1	0/0	0/0	0/0	0/1	0/1	0/0	0/1
jcf7180001213413	26407	T	C	0/0	0/0	0/0	0/1	0/0	0/1	0/0	0/0	0/0
jcf7180001213413	81954	G	A	0/0	0/0	0/0	0/1	0/0	0/1	0/0	0/0	0/0
jcf7180001213413	82754	T	C	0/0	0/0	0/0	0/1	0/0	0/1	0/0	0/1	0/0
jcf7180001213413	126777	T	G	0/0	0/0	0/0	0/1	0/0	0/1	0/0	0/0	0/0
jcf7180001213413	140509	C	T	1/1	0/0	0/0	1/1	0/0	0/1	0/0	0/1	0/0
jcf7180001213413	161214	G	T	1/1	0/0	0/0	0/1	0/1	0/0	0/0	0/1	0/0
jcf7180001213413	192032	A	C	0/0	0/0	0/0	0/0	0/1	0/0	0/0	0/1	0/0
jcf7180001213413	264954	C	T	0/1	0/0	0/0	0/0	0/0	0/0	0/0	0/0	0/0
jcf7180001213413	268208	A	G	1/1	0/0	0/0	0/1	0/1	0/0	0/0	0/1	0/0
jcf7180001213413	276167	C	T	0/0	0/0	0/0	0/0	0/0	0/1	0/0	0/0	0/0
jcf7180001213413	276412	A	C	1/1	0/0	0/0	0/0	0/0	0/0	0/0	0/0	0/0
jcf7180001213413	302059	A	G	0/1	0/0	0/0	0/1	0/0	0/1	0/0	0/1	0/0
jcf7180001213413	310185	C	A	0/0	0/0	0/0	1/1	0/0	0/1	0/0	0/1	0/0
jcf7180001213413	336102	T	C	1/1	0/0	0/0	1/1	0/0	0/1	0/0	0/1	0/0
jcf7180001213413	339028	A	G	0/1	0/0	0/0	0/1	0/0	0/1	0/0	0/0	0/0
jcf7180001213413	341213	G	A	1/1	0/0	0/0	1/1	0/0	0/1	0/0	0/1	0/0
jcf7180001213413	354958	T	C	1/1	0/0	0/0	1/1	0/0	0/1	0/0	1/1	0/0
jcf7180001213418	55404	C	T	1/1	0/1	0/0	0/0	0/1	0/0	0/1	0/0	0/1
jcf7180001213424	3960	A	C	0/0	0/0	0/0	0/1	0/0	0/0	0/0	0/0	0/0
jcf7180001213426	11992	G	A	0/0	0/1	0/0	1/1	1/1	1/1	0/0	0/1	0/0
jcf7180001213433	4291	T	C	1/1	0/0	0/1	1/1	0/0	0/1	0/0	0/0	0/1
jcf7180001213433	7132	C	A	1/1	0/0	0/1	1/1	0/0	0/1	0/0	0/0	0/1
jcf7180001213434	8921	A	G	1/1	0/1	0/1	1/1	0/0	0/1	0/1	1/1	1/1
jcf7180001213436	1667	G	A	0/1	0/0	0/1	1/1	0/1	0/1	0/0	0/0	0/1
jcf7180001213441	6227	C	T	0/0	1/1	0/1	0/0	0/1	0/0	0/0	0/0	0/0
jcf7180001213441	6327	C	T	0/0	1/1	0/1	0/0	0/1	0/0	0/0	0/0	0/0
jcf7180001213441	6776	T	C	0/0	1/1	0/1	0/0	0/1	0/0	0/1	0/0	0/1
jcf7180001213441	18618	T	C	0/0	0/0	0/1	0/0	0/0	0/0	0/0	1/1	0/1
jcf7180001213441	20566	C	T	0/1	1/1	0/1	0/0	0/1	0/1	1/1	0/0	0/1
jcf7180001213441	75249	A	G	0/0	1/1	0/0	0/0	0/1	0/0	0/1	0/0	0/0
jcf7180001213441	87404	T	C	0/0	0/0	0/0	0/0	0/0	0/0	0/0	0/1	0/0
jcf7180001213441	97159	C	T	0/0	0/0	0/0	0/0	0/0	0/0	0/0	0/1	0/0
jcf7180001213441	101696	A	G	0/0	0/0	0/0	0/0	0/0	0/0	0/0	0/1	0/0
jcf7180001213441	103908	T	C	1/1	1/1	0/1	1/1	0/1	0/1	0/1	1/1	0/1
jcf7180001213445	1399	G	T	0/0	1/1	0/1	0/0	0/0	0/1	1/1	0/0	0/1
jcf7180001213445	5219	T	C	1/1	0/0	0/1	1/1	1/1	0/1	0/0	1/1	0/1
jcf7180001213445	7179	C	A	0/0	0/0	0/0	0/0	0/1	0/1	0/0	1/1	0/0
jcf7180001213445	7325	A	G	0/1	0/0	0/1	0/0	0/1	0/0	0/0	0/0	0/1
jcf7180001213445	20262	G	A	0/1	0/0	0/0	1/1	0/1	0/1	0/0	1/1	0/0
jcf7180001213452	13051	T	C	0/0	0/0	0/0	0/1	0/0	0/0	0/0	0/1	0/0
jcf7180001213454	32441	G	A	1/1	0/1	0/0	1/1	0/0	1/1	1/1	1/1	0/1
jcf7180001213463	27377	C	A	0/0	0/0	0/0	0/0	0/0	0/0	0/0	1/1	0/0
jcf7180001213464	2661	A	G	0/0	0/0	0/1	0/0	0/1	0/0	0/0	0/0	0/1
jcf7180001213464	4445	G	A	0/0	0/0	0/1	0/0	0/1	0/0	0/0	0/0	0/1
jcf7180001213468	5185	C	T	0/1	0/1	0/0	1/1	0/0	0/0	0/0	0/0	0/0
jcf7180001213472	85384	T	G	0/1	0/1	0/1	1/1	0/0	1/1	0/1	1/1	0/0
jcf7180001213473	8195	G	A	0/0	0/1	1/1	0/0	0/1	0/1	0/0	0/0	0/1
jcf7180001213473	10641	T	C	0/0	0/1	0/0	0/1	0/0	0/0	0/0	0/1	0/1
jcf7180001213474	9599	A	G	0/0	0/0	0/0	0/0	0/0	0/0	0/0	0/1	0/0
jcf7180001213485	33329	C	T	0/1	0/1	0/0	0/1	0/0	0/1	0/0	0/0	0/0
jcf7180001213486	7101	A	G	0/1	0/1	0/1	0/1	0/1	0/1	0/1	0/1	0/1
jcf7180001213486	7166	G	T	0/1	0/1	0/1	0/0	0/1	0/1	0/1	0/0	0/1
jcf7180001213489	15260	G	T	1/1	0/1	0/0	0/1	0/0	1/1	1/1	0/0	0/1
jcf7180001213493	16307	G	A	0/1	0/0	0/1	0/0	1/1	0/1	0/0	0/0	0/0
jcf7180001213493	17367	C	A	0/1	0/0	0/1	0/0	1/1	0/1	0/0	0/0	0/0
jcf7180001213495	28333	C	A	0/0	0/0	0/0	0/0	0/1	0/0	1/1	0/1	0/0
jcf7180001213496	9421	T	G	0/0	0/0	0/0	0/0	0/0	0/0	0/1	0/0	0/0
jcf7180001213496	9815	C	T	0/0	0/0	0/0	0/0	0/0	0/0	0/1	0/0	0/0
jcf7180001213496	12008	C	A	0/0	0/0	0/0	0/0	0/0	0/0	0/1	0/0	0/0
jcf7180001213496	21163	C	T	0/0	0/0	0/0	0/0	0/0	0/0	0/0	0/1	0/0
jcf7180001213496	22130	T	G	1/1	0/1	0/1	0/0	1/1	0/1	0/1	0/1	0/1
jcf7180001213502	11766	C	T	0/0	0/0	0/0	0/0	0/0	0/0	0/0	0/1	0/0
jcf7180001213502	15981	G	A	0/0	0/0	0/0	0/0	0/0	0/0	0/0	0/1	0/0
jcf7180001213502	16076	T	C	0/0	0/0	0/0	0/0	0/0	0/0	0/0	0/1	0/0
jcf7180001213506	4120	T	G	0/0	0/0	0/0	0/0	0/1	0/0	0/1	0/0	0/0
jcf7180001213506	9425	C	A	0/0	0/0	0/0	0/0	1/1	0/0	0/1	0/0	0/0
jcf7180001213506	11022	C	A	0/0	0/0	0/0	0/0	0/1	0/0	0/0	0/0	0/0
jcf7180001213506	13521	T	C	0/1	1/1	1/1	0/0	0/0	0/1	0/1	0/1	1/1
jcf7180001213519	6373	G	A	1/1	0/0	0/0	1/1	1/1	0/0	0/0	0/0	0/0
jcf7180001213526	13186	G	A	1/1	1/1	0/0	0/1	0/1	0/0	1/1	0/0	1/1
jcf7180001213528	31804	T	C	0/0	0/0	1/1	0/0	0/0	0/1	0/1	1/1	1/1
jcf7180001213528	32367	C	T	1/1	0/1	0/0	0/0	1/1	0/0	0/1	0/0	0/0
jcf7180001213537	10377	G	A	0/0	0/0	0/1	0/0	0/1	0/0	0/0	0/0	0/0
jcf7180001213538	19144	A	G	0/0	1/1	1/1	1/1	0/1	0/1	1/1	0/1	0/1
jcf7180001213545	18794	T	C	0/1	0/0	0/0	0/0	0/0	0/0	0/0	0/1	0/1
jcf7180001213549	585	A	G	1/1	0/1	0/1	1/1	0/1	0/1	1/1	1/1	1/1
jcf7180001213555	28059	C	T	0/1	1/1	1/1	0/0	0/1	0/0	1/1	1/1	0/1
jcf7180001213555	32610	G	T	0/1	1/1	1/1	0/0	0/1	0/0	1/1	1/1	0/1
jcf7180001213561	511	A	G	1/1	1/1	1/1	1/1	0/1	1/1	1/1	0/0	0/1
jcf7180001213568	11612	C	T	0/1	0/1	0/0	1/1	0/0	0/1	0/0	0/1	0/0
jcf7180001213569	13413	T	G	0/1	0/1	0/0	0/1	0/1	0/1	1/1	1/1	0/0
jcf7180001213569	14237	C	A	0/1	0/1	0/0	0/1	0/1	0/1	1/1	1/1	0/0
jcf7180001213569	23956	A	G	1/1	0/1	0/1	0/1	0/1	1/1	1/1	0/1	0/1
jcf7180001213569	25279	G	A	0/0	0/1	0/1	0/1	0/1	0/0	0/0	0/1	0/1
jcf7180001213569	29273	C	A	0/1	1/1	0/1	1/1	1/1	0/1	1/1	1/1	0/1
jcf7180001213569	44638	C	A	1/1	1/1	0/1	1/1	1/1	0/1	1/1	1/1	0/1
jcf7180001213569	44750	A	C	0/0	0/0	0/1	0/0	0/0	0/1	0/0	0/0	0/1
jcf7180001213569	65543	C	T	0/0	0/0	0/0	0/1	0/0	0/0	0/0	0/0	0/0
jcf7180001213571	35012	A	C	1/1	0/0	0/0	0/1	0/0	0/0	0/1	0/1	0/0
jcf7180001213571	35069	G	A	1/1	0/0	0/0	0/1	0/0	0/0	0/1	0/0	0/0
jcf7180001213573	11827	G	T	0/1	0/0	0/0	0/0	0/0	0/0	0/0	0/0	0/0
jcf7180001213578	10598	G	A	0/0	0/1	0/0	0/1	0/0	0/1	0/0	0/0	0/0
jcf7180001213588	3778	T	C	0/0	0/1	1/1	0/1	1/1	0/1	0/0	1/1	0/1
jcf7180001213596	29588	G	T	0/1	0/1	0/1	1/1	0/0	0/1	1/1	0/1	0/1
jcf7180001213596	32248	G	A	0/0	0/0	0/1	1/1	0/0	0/1	1/1	1/1	0/0
jcf7180001213598	4892	C	T	0/0	0/0	0/0	0/0	0/0	0/0	0/0	1/1	0/0
jcf7180001213604	19757	A	G	1/1	0/1	0/1	1/1	0/1	1/1	0/0	1/1	1/1
jcf7180001213604	35136	G	A	0/1	0/0	0/1	0/1	0/1	0/1	0/0	0/1	1/1
jcf7180001213609	11895	A	G	0/0	0/0	0/0	0/0	0/0	0/0	0/0	0/1	0/0
jcf7180001213609	17201	A	G	0/1	0/0	0/0	0/1	0/0	0/0	0/0	0/0	0/0
jcf7180001213615	5073	G	A	0/1	0/1	0/0	1/1	0/1	0/1	0/0	0/0	0/1
jcf7180001213624	18677	G	A	0/0	0/0	0/1	0/0	0/0	0/1	0/0	0/0	0/0
jcf7180001213624	23914	T	C	0/0	0/1	0/0	0/1	0/0	0/1	0/0	0/1	0/1
jcf7180001213624	43828	A	G	0/0	0/1	0/0	0/1	0/0	0/1	0/0	0/0	0/1
jcf7180001213624	45954	C	A	0/0	0/1	0/0	0/1	0/0	0/1	0/0	0/1	0/1
jcf7180001213624	96295	T	C	0/0	0/0	0/1	0/0	1/1	0/1	0/1	1/1	0/1
jcf7180001213624	152527	T	G	0/0	0/0	0/0	0/0	0/0	0/0	0/0	0/1	0/1
jcf7180001213626	7728	A	G	0/1	0/1	0/0	0/1	0/1	0/0	0/0	0/0	0/1
jcf7180001213630	1056	A	C	0/0	1/1	0/0	0/0	0/0	1/1	0/0	0/0	0/0
jcf7180001213630	39566	T	G	0/0	1/1	0/1	1/1	0/1	1/1	0/1	0/1	0/1
jcf7180001213632	43400	A	G	0/0	0/1	0/1	0/0	0/0	0/0	0/0	0/0	0/1
jcf7180001213636	14488	T	G	0/0	0/0	0/0	0/0	0/0	0/0	0/0	0/1	0/0
jcf7180001213636	14663	G	T	0/0	0/0	0/0	0/0	0/0	0/0	0/0	0/1	0/0
jcf7180001213647	25173	T	C	0/0	0/0	0/0	0/0	0/0	0/0	0/0	0/1	0/0
jcf7180001213648	27205	A	C	0/0	0/0	0/1	0/0	0/1	0/1	0/0	0/0	0/1
jcf7180001213648	29527	G	T	0/0	0/0	0/1	0/1	0/1	0/1	0/1	0/0	0/0
jcf7180001213651	11924	G	A	0/0	0/0	0/0	0/1	0/0	0/1	0/0	1/1	0/0
jcf7180001213653	11066	A	C	0/1	0/1	0/1	0/0	0/1	0/1	0/1	0/1	0/1
jcf7180001213653	11979	C	T	0/1	0/1	0/1	0/0	0/1	0/1	0/1	0/1	0/1
jcf7180001213653	18606	T	C	0/1	0/1	0/1	0/0	0/1	0/1	0/1	0/1	0/1
jcf7180001213655	14846	T	G	0/1	1/1	0/0	1/1	0/1	0/1	1/1	0/1	0/1
jcf7180001213655	15198	A	G	0/0	0/0	0/0	0/0	0/0	0/0	0/0	0/0	0/1
jcf7180001213671	2608	T	C	0/1	0/0	0/0	0/1	0/0	0/1	0/0	0/1	0/0
jcf7180001213672	642	A	C	0/0	0/1	0/1	1/1	0/1	0/1	0/1	1/1	0/0
jcf7180001213673	7860	A	G	1/1	1/1	0/1	1/1	0/1	1/1	0/1	0/1	0/0
jcf7180001213680	592	C	T	0/0	0/1	0/0	1/1	0/0	0/0	0/0	0/0	0/0
jcf7180001213680	2177	C	T	0/0	0/1	0/0	1/1	0/0	0/0	0/0	0/0	0/0
jcf7180001213680	4671	G	A	0/0	0/1	0/0	1/1	0/0	0/0	0/0	0/0	0/0
jcf7180001213680	4711	C	A	0/0	0/1	0/0	1/1	0/0	0/0	0/0	0/0	0/0
jcf7180001213686	4817	C	T	0/0	0/1	0/0	1/1	0/0	1/1	0/0	0/0	0/0
jcf7180001213686	4952	G	A	0/0	0/1	0/0	1/1	0/0	0/1	0/0	0/0	0/0
jcf7180001213695	36396	A	C	1/1	0/0	0/0	0/0	0/0	0/0	0/0	0/0	0/0
jcf7180001213699	4468	C	T	0/0	0/0	0/0	0/1	0/0	0/1	0/0	0/0	0/0
jcf7180001213707	5231	G	T	1/1	0/0	0/0	0/1	0/0	0/0	0/0	0/0	0/0
jcf7180001213712	3165	A	C	0/0	0/0	0/1	0/1	0/0	0/1	0/1	0/1	0/0
jcf7180001213722	8775	C	T	0/0	0/1	0/1	0/0	0/0	0/0	0/0	0/0	0/1
jcf7180001213723	17366	G	T	0/0	0/0	0/0	0/0	0/0	0/0	0/0	0/1	0/1
jcf7180001213723	49012	G	A	1/1	0/1	0/1	1/1	0/1	1/1	1/1	0/1	0/1
jcf7180001213723	50776	C	T	0/1	0/1	0/1	1/1	0/1	0/0	0/1	0/0	0/0
jcf7180001213723	52259	G	A	0/0	0/0	0/0	0/0	0/0	0/0	0/0	0/1	0/1
jcf7180001213723	57341	G	T	0/1	0/1	0/1	1/1	0/1	0/0	0/1	0/0	0/0
jcf7180001213723	57390	A	G	1/1	0/1	0/1	1/1	0/1	1/1	1/1	0/1	0/1
jcf7180001213725	12207	T	C	0/1	1/1	1/1	1/1	0/1	0/1	0/1	0/1	0/1
jcf7180001213728	1215	A	C	1/1	0/1	0/0	1/1	0/0	0/1	0/1	1/1	0/1
jcf7180001213738	14005	T	C	1/1	0/0	0/1	1/1	0/1	0/1	0/1	0/0	0/0
jcf7180001213744	6752	C	A	0/1	0/1	0/1	1/1	0/0	0/0	0/0	0/1	0/0
jcf7180001213746	362	A	G	0/0	0/1	0/0	0/1	0/0	0/1	0/1	0/0	0/0
jcf7180001213758	6505	T	G	0/0	0/0	0/0	0/1	0/0	0/0	0/0	0/0	0/0
jcf7180001213760	9343	G	A	1/1	0/1	0/0	1/1	0/1	0/1	1/1	0/1	0/1
jcf7180001213762	11434	G	T	0/0	0/1	0/0	0/0	0/0	0/0	0/1	0/0	0/0
jcf7180001213767	23118	G	A	0/1	0/1	0/0	1/1	0/0	0/0	0/0	1/1	0/1
jcf7180001213767	43601	T	G	0/0	0/0	0/1	0/1	0/0	0/0	0/0	0/1	0/1
jcf7180001213767	44216	C	A	1/1	1/1	0/1	0/1	1/1	1/1	1/1	0/1	0/1
jcf7180001213772	1447	C	T	0/0	0/0	0/0	0/1	0/0	0/0	0/0	0/1	0/0
jcf7180001213781	24387	G	T	0/0	0/0	0/0	0/0	0/0	0/0	0/0	0/1	0/0
jcf7180001213794	9509	T	G	1/1	1/1	0/1	1/1	0/1	0/1	1/1	0/1	0/1
jcf7180001213795	4794	A	G	1/1	0/1	0/1	1/1	0/1	1/1	0/0	1/1	0/1
jcf7180001213812	15063	G	A	0/0	0/0	0/0	0/0	0/0	0/1	0/0	0/0	0/0
jcf7180001213812	28201	T	C	0/0	0/1	0/1	0/0	0/1	0/0	0/0	0/0	0/0
jcf7180001213813	17146	T	C	0/1	1/1	0/1	0/0	0/0	0/0	0/0	0/0	1/1
jcf7180001213818	423	C	T	1/1	0/1	0/1	0/0	0/1	0/1	1/1	0/0	0/0
jcf7180001213820	3597	T	C	0/0	0/1	0/0	1/1	0/0	0/1	0/0	0/0	0/0
jcf7180001213823	4029	C	A	1/1	0/0	0/1	0/0	0/1	0/0	1/1	0/1	1/1
jcf7180001213825	28523	C	A	0/1	0/0	0/0	0/0	0/0	0/0	0/0	0/1	0/0
jcf7180001213825	35402	T	C	1/1	1/1	0/0	1/1	0/0	0/1	0/1	1/1	0/0
jcf7180001213826	15825	A	C	0/0	0/0	0/1	1/1	0/0	0/1	0/0	1/1	0/1
jcf7180001213826	23155	G	A	0/0	0/0	0/0	1/1	0/0	0/1	0/0	1/1	0/0
jcf7180001213827	6709	G	A	0/0	1/1	0/0	0/0	0/0	0/0	0/0	0/0	0/0
jcf7180001213827	14408	C	A	0/0	1/1	0/0	0/0	0/0	0/0	0/0	0/1	0/0
jcf7180001213836	11577	G	A	0/1	0/1	0/0	1/1	1/1	1/1	0/0	0/1	0/1
jcf7180001213836	32818	T	C	0/1	0/0	0/0	0/0	0/1	0/0	0/0	0/1	0/0
jcf7180001213836	36721	T	G	1/1	0/1	1/1	0/1	0/1	0/0	1/1	0/1	0/1
jcf7180001213836	45847	C	A	0/1	0/0	0/0	0/0	0/0	0/0	0/0	0/0	0/0
jcf7180001213836	47554	A	C	1/1	1/1	1/1	0/0	0/1	0/1	1/1	1/1	1/1
jcf7180001213837	5623	C	A	1/1	0/0	0/1	0/0	0/1	0/0	1/1	1/1	0/1
jcf7180001213840	19942	T	G	1/1	1/1	0/1	1/1	1/1	0/1	1/1	0/1	0/1
jcf7180001213843	12973	A	G	1/1	0/0	1/1	0/1	0/0	0/1	0/0	0/1	1/1
jcf7180001213847	7763	C	A	0/0	0/1	0/1	0/0	0/0	0/1	0/1	0/0	0/0
jcf7180001213849	6838	G	A	0/0	0/1	0/0	1/1	0/0	0/0	0/0	0/0	0/0
jcf7180001213857	2677	C	T	0/1	0/0	0/0	0/0	0/0	0/0	0/0	0/0	0/0
jcf7180001213859	3578	G	T	1/1	0/0	0/0	0/1	0/0	0/0	0/1	0/1	0/0
jcf7180001213869	45747	C	T	0/0	0/0	0/0	0/0	0/0	0/1	0/0	0/0	0/0
jcf7180001213869	51944	C	A	0/0	0/0	0/0	0/0	0/0	0/0	0/0	0/1	0/0
jcf7180001213869	58152	C	A	0/0	0/0	0/0	0/1	0/0	0/1	0/0	0/0	0/0
jcf7180001213869	59378	A	G	0/1	0/0	0/0	1/1	0/0	0/0	0/0	1/1	0/0
jcf7180001213869	60193	C	T	0/1	0/0	0/0	1/1	0/0	0/1	0/0	1/1	0/0
jcf7180001213869	89716	T	C	0/1	1/1	0/0	1/1	1/1	0/1	0/0	0/1	0/1
jcf7180001213869	93905	T	G	0/1	0/0	1/1	0/1	0/0	0/1	1/1	0/1	0/1
jcf7180001213869	97525	T	C	0/0	0/0	0/0	0/1	0/0	0/0	0/0	0/1	0/0
jcf7180001213869	97983	C	A	0/0	0/0	0/0	0/0	0/0	0/0	0/0	0/1	0/0
jcf7180001213869	102328	A	G	0/1	0/0	0/0	0/0	0/1	0/0	0/0	0/0	0/0
jcf7180001213872	4389	C	A	0/0	0/0	0/0	0/0	0/0	0/0	0/0	0/1	0/0
jcf7180001213872	5707	A	C	0/0	0/0	0/0	0/0	0/0	0/0	0/0	0/1	0/0
jcf7180001213879	2270	A	G	1/1	1/1	1/1	1/1	1/1	1/1	1/1	1/1	0/1
jcf7180001213881	20182	G	A	0/0	0/1	0/1	0/0	0/1	0/0	0/1	0/1	0/1
jcf7180001213881	38948	G	T	0/1	0/0	0/0	0/0	0/0	1/1	0/0	0/0	0/0
jcf7180001213882	8989	C	T	0/1	0/1	0/0	0/1	0/0	0/1	0/0	0/1	0/0
jcf7180001213882	16307	C	T	0/1	1/1	0/1	1/1	0/0	1/1	0/0	0/1	0/0
jcf7180001213882	19996	T	C	0/1	1/1	0/1	1/1	0/0	1/1	0/0	0/1	0/0
jcf7180001213882	26349	C	T	0/1	1/1	0/0	1/1	0/0	1/1	0/0	0/1	0/0
jcf7180001213882	26404	A	G	0/0	1/1	0/0	1/1	0/0	1/1	0/0	1/1	0/0
